-- phpMyAdmin SQL Dump
-- version 4.9.2
-- https://www.phpmyadmin.net/
--
-- Host: 127.0.0.1
-- Generation Time: Jan 05, 2022 at 01:33 PM
-- Server version: 10.4.10-MariaDB
-- PHP Version: 7.3.12

SET SQL_MODE = "NO_AUTO_VALUE_ON_ZERO";
SET AUTOCOMMIT = 0;
START TRANSACTION;
SET time_zone = "+00:00";


/*!40101 SET @OLD_CHARACTER_SET_CLIENT=@@CHARACTER_SET_CLIENT */;
/*!40101 SET @OLD_CHARACTER_SET_RESULTS=@@CHARACTER_SET_RESULTS */;
/*!40101 SET @OLD_COLLATION_CONNECTION=@@COLLATION_CONNECTION */;
/*!40101 SET NAMES utf8mb4 */;

--
-- Database: `store`
--

DELIMITER $$
--
-- Functions
--
CREATE DEFINER=`root`@`localhost` FUNCTION `increase_decrease_delete_BasketItems` (`inid` INT, `instatus` INT) RETURNS INT(11) NO SQL
begin
if(instatus = 1) THEN
          IF  ((select qty from basket_items where basket_items.id= inid) > 1 ) THEN
            update basket_items set basket_items.qty = (basket_items.qty - 1)  where basket_items.id= inid;
RETURN -1;
          ELSE 
            DELETE from basket_items WHERE basket_items.id= inid;
RETURN 0;
          END IF;
ELSE 
    update basket_items set basket_items.qty = (basket_items.qty + 1) where basket_items.id= inid;
RETURN +1;
END IF;
end$$

DELIMITER ;

-- --------------------------------------------------------

--
-- Table structure for table `attribute`
--

CREATE TABLE `attribute` (
  `id` int(11) NOT NULL,
  `name` varchar(200) NOT NULL,
  `date` datetime NOT NULL DEFAULT current_timestamp(),
  `company_id` int(11) NOT NULL DEFAULT 0
) ENGINE=InnoDB DEFAULT CHARSET=utf8mb4;

--
-- Dumping data for table `attribute`
--

INSERT INTO `attribute` (`id`, `name`, `date`, `company_id`) VALUES
(1, 'اللون', '2020-05-21 00:59:20', 0),
(2, 'القياس', '2020-05-21 01:20:46', 0),
(3, 'التصميم', '2020-05-22 00:32:22', 0),
(4, 'الماركة', '2020-06-27 23:38:27', 0),
(6, 'قياس', '2020-09-06 21:51:33', 3),
(7, 'لون', '2020-09-06 21:53:53', 3);

-- --------------------------------------------------------

--
-- Table structure for table `attribute_config`
--

CREATE TABLE `attribute_config` (
  `id` int(11) NOT NULL,
  `attribute_id` int(11) NOT NULL,
  `value` varchar(200) NOT NULL,
  `date` datetime NOT NULL DEFAULT current_timestamp(),
  `img` varchar(250) NOT NULL DEFAULT 'default.jpg',
  `company_id` int(11) NOT NULL DEFAULT 0
) ENGINE=InnoDB DEFAULT CHARSET=utf8mb4;

--
-- Dumping data for table `attribute_config`
--

INSERT INTO `attribute_config` (`id`, `attribute_id`, `value`, `date`, `img`, `company_id`) VALUES
(1, 1, 'ماروني', '2020-05-24 19:06:54', '', 0),
(2, 1, 'زيتوني', '2020-05-24 19:06:57', '', 0),
(3, 1, 'اصفر', '2020-05-24 19:07:02', '', 0),
(4, 1, 'جويتي', '2020-05-24 19:07:06', '', 0),
(5, 1, 'اسود', '2020-05-24 19:07:09', '', 0),
(6, 1, 'رصاصي', '2020-05-24 19:07:14', '', 0),
(7, 1, 'بصلي', '2020-05-24 19:07:19', '', 0),
(8, 1, 'ابيض', '2020-05-24 19:07:25', '', 0),
(9, 2, '34', '2020-05-24 19:07:45', '', 0),
(10, 2, '36', '2020-05-24 19:07:48', '', 0),
(11, 2, '38', '2020-05-24 19:07:53', '', 0),
(12, 2, '40', '2020-05-24 19:07:55', '', 0),
(13, 2, '42', '2020-05-24 19:08:10', '', 0),
(14, 2, '44', '2020-05-24 19:08:11', '', 0),
(15, 2, '46', '2020-05-24 19:08:13', '', 0),
(16, 2, '48', '2020-05-24 19:08:16', '', 0),
(17, 2, '50', '2020-05-24 19:08:21', '', 0),
(18, 2, '52', '2020-05-24 19:08:24', '', 0),
(19, 2, '54', '2020-05-24 19:08:28', '', 0),
(20, 2, '56', '2020-05-24 19:08:32', '', 0),
(21, 2, '58', '2020-05-24 19:08:34', '', 0),
(22, 3, 'كلاسك', '2020-05-24 19:08:47', '', 0),
(23, 3, 'ضيق', '2020-05-24 19:09:26', '', 0),
(24, 3, 'واسع', '2020-05-24 19:09:32', '', 0),
(29, 1, 'جوزي', '2020-06-08 19:49:41', '1/5ede6c25b9ec3.jpg', 0),
(30, 1, 'غامق', '2020-06-12 22:26:01', '1/5ee400f91a7e1.jpg', 0),
(31, 1, 'فاتح', '2020-06-12 22:26:34', '1/5ee4011a78f96.jpg', 0),
(32, 1, 'نيلي', '2020-06-13 07:09:51', '1/5ee47bbfce13e.jpg', 0),
(33, 1, 'حني', '2020-06-13 07:10:07', '1/5ee47bcf8ad2b.jpg', 0),
(34, 1, 'سمائي', '2020-06-13 07:11:10', '1/5ee47c0ebb614.jpg', 0),
(35, 1, 'وردي', '2020-06-13 07:11:27', '1/5ee47c1f54490.jpg', 0),
(36, 1, 'بنفسجي', '2020-06-13 07:12:02', '1/5ee47c420e3a9.jpg', 0),
(37, 2, '60', '2020-06-13 15:50:31', '2/5ee4f5c78cb99.jpg', 0),
(38, 1, 'خزدلي', '2020-06-13 16:04:20', '1/5ee4f9048aad9.png', 0),
(39, 1, 'فستقي', '2020-06-13 16:04:48', '1/5ee4f9202264f.jpg', 0),
(40, 1, 'احمر', '2020-06-13 16:05:23', '1/5ee4f943a231e.jpg', 0),
(41, 1, 'بيجي', '2020-06-13 16:05:43', '1/5ee4f957d69e7.jpg', 0),
(42, 1, 'أخضر', '2020-06-13 16:06:00', '1/5ee4f9680194e.jpg', 0),
(43, 4, 'اديداس', '2020-06-27 23:38:48', '4/5ef7d88869f76.jpg', 0),
(44, 6, '36', '2020-09-06 21:52:33', '6/5f552ff1e724d.png', 3),
(45, 6, '38', '2020-09-06 21:52:43', '6/5f552ffb5ee60.png', 3),
(46, 6, '40', '2020-09-06 21:52:47', '6/5f552fff072d9.png', 3),
(47, 6, '42', '2020-09-06 21:52:52', '6/5f553004d8063.png', 3),
(48, 6, '44', '2020-09-06 21:52:56', '6/5f5530080c1cb.png', 3),
(49, 6, '46', '2020-09-06 21:52:58', '6/5f55300a9a89b.png', 3),
(50, 6, '48', '2020-09-06 21:53:01', '6/5f55300ddb92c.png', 3),
(51, 6, '50', '2020-09-06 21:53:05', '6/5f5530114b7c1.png', 3),
(52, 6, '52', '2020-09-06 21:53:08', '6/5f55301481bec.png', 3),
(53, 6, '54', '2020-09-06 21:53:12', '6/5f553018897d4.png', 3),
(54, 6, 'XS', '2020-09-06 21:53:18', '6/5f55301e5a0be.png', 3),
(55, 6, 'S', '2020-09-06 21:53:20', '6/5f55302070090.png', 3),
(56, 6, 'L', '2020-09-06 21:53:22', '6/5f553022f4049.png', 3),
(57, 6, 'XL', '2020-09-06 21:53:27', '6/5f5530274fd4a.png', 3),
(58, 6, '2XL', '2020-09-06 21:53:34', '6/5f55302e25297.png', 3),
(59, 6, '3XL', '2020-09-06 21:53:38', '6/5f5530323ac2e.png', 3),
(60, 6, '4XL', '2020-09-06 21:53:43', '6/5f5530371b323.png', 3),
(61, 7, 'اصفر', '2020-09-06 21:55:08', '7/5f55308cb8983.png', 3),
(62, 7, 'احمر', '2020-09-06 21:55:13', '7/5f55309168738.png', 3),
(63, 7, 'اسود', '2020-09-06 21:55:21', '7/5f5530994b481.png', 3),
(64, 7, 'اخضر', '2020-09-06 21:55:30', '7/5f5530a205a76.png', 3),
(65, 7, 'نيلي', '2020-09-06 21:55:39', '7/5f5530ab02043.png', 3);

-- --------------------------------------------------------

--
-- Table structure for table `basket`
--

CREATE TABLE `basket` (
  `id` int(11) NOT NULL,
  `customer_name` varchar(200) DEFAULT NULL,
  `customer_phone` varchar(20) DEFAULT NULL,
  `city_id` int(11) DEFAULT 0,
  `town_id` int(11) DEFAULT 0,
  `address` varchar(250) DEFAULT NULL,
  `date` datetime DEFAULT current_timestamp(),
  `note` varchar(250) DEFAULT NULL,
  `staff_id` int(11) NOT NULL,
  `status` int(11) DEFAULT 0 COMMENT '0 emty 1 fulling  2 ready 3 prepared',
  `total_price` double NOT NULL DEFAULT 0,
  `discount` double NOT NULL DEFAULT 0,
  `type` int(11) NOT NULL DEFAULT 1 COMMENT '1 normal   2 replace',
  `oldOrder_id` int(11) DEFAULT NULL,
  `company_id` int(11) NOT NULL DEFAULT 0,
  `user_type` int(11) NOT NULL DEFAULT 0 COMMENT '0 mandop 1 client 2 customer'
) ENGINE=InnoDB DEFAULT CHARSET=utf8mb4;

--
-- Dumping data for table `basket`
--

INSERT INTO `basket` (`id`, `customer_name`, `customer_phone`, `city_id`, `town_id`, `address`, `date`, `note`, `staff_id`, `status`, `total_price`, `discount`, `type`, `oldOrder_id`, `company_id`, `user_type`) VALUES
(25, 'محمد حسم', '08988777777', 6, 40, '', '2020-09-19 17:54:31', '', 1, 2, 0, 0, 1, 0, 0, 0),
(26, 'Mohammed Ridha Mohammed', '3792500347', 1, 19, 'Hillha / AL-Ghadeer District', '2021-12-18 13:16:48', '', 1, 1, 0, 0, 1, 0, 0, 0),
(27, 'Mohammed Ridha Mohammed', '3792500347', 1, 19, 'Hillha / AL-Ghadeer District', '2021-12-18 13:18:32', '', 1, 1, 0, 0, 1, 0, 0, 0),
(28, 'Mohammed Ridha Mohammed', '3497584501', 3, 37, 'Hillha / AL-Ghadeer District', '2021-12-19 16:36:29', '', 1, 1, 0, 0, 1, 0, 0, 0),
(29, 'Mohammed', '3497584501', 6, 40, 'Hillha / AL-Ghadeer District', '2021-12-19 17:07:02', '', 1, 0, 0, 0, 1, 0, 0, 0),
(30, 'Ali', '09089797766', 5, 39, '', '2021-12-19 17:12:15', '', 1, 0, 0, 0, 1, 0, 0, 0);

-- --------------------------------------------------------

--
-- Table structure for table `basket_items`
--

CREATE TABLE `basket_items` (
  `id` int(11) NOT NULL,
  `configurable_product_id` int(11) NOT NULL,
  `basket_id` int(11) NOT NULL,
  `date` datetime NOT NULL DEFAULT current_timestamp(),
  `qty` int(11) NOT NULL,
  `status` int(11) NOT NULL DEFAULT 0,
  `storage_manager_id` int(11) NOT NULL DEFAULT 0,
  `staff_id` int(11) NOT NULL,
  `company_id` int(11) NOT NULL DEFAULT 0
) ENGINE=InnoDB DEFAULT CHARSET=utf8mb4;

--
-- Dumping data for table `basket_items`
--

INSERT INTO `basket_items` (`id`, `configurable_product_id`, `basket_id`, `date`, `qty`, `status`, `storage_manager_id`, `staff_id`, `company_id`) VALUES
(69, 216, 26, '2021-12-23 18:56:39', 1, 0, 0, 1, 0),
(70, 213, 25, '2021-12-23 19:42:39', 1, 0, 0, 1, 0),
(71, 338, 25, '2021-12-23 19:43:54', 1, 0, 0, 1, 0),
(72, 338, 26, '2021-12-23 19:44:17', 1, 0, 0, 1, 0);

-- --------------------------------------------------------

--
-- Table structure for table `category`
--

CREATE TABLE `category` (
  `id` int(11) NOT NULL,
  `title` varchar(200) NOT NULL,
  `parent_id` int(11) NOT NULL,
  `des` varchar(500) DEFAULT NULL,
  `date` datetime NOT NULL DEFAULT current_timestamp(),
  `note` varchar(250) DEFAULT NULL,
  `company_id` int(11) NOT NULL DEFAULT 0
) ENGINE=InnoDB DEFAULT CHARSET=utf8mb4;

--
-- Dumping data for table `category`
--

INSERT INTO `category` (`id`, `title`, `parent_id`, `des`, `date`, `note`, `company_id`) VALUES
(1, 'الرئسي', -1, '', '2019-12-26 10:24:01', '', 0),
(2, 'الشبكات', 1, '', '2019-12-26 10:57:04', '', 0),
(9, 'ملابس', 1, NULL, '2020-06-08 19:04:59', NULL, 0),
(11, 'ملابس نسائي', 9, NULL, '2020-06-08 19:05:56', NULL, 0),
(12, 'ملابس رجالي', 9, NULL, '2020-06-08 19:06:05', NULL, 0),
(13, 'ملابس اطفال', 9, NULL, '2020-06-08 19:06:17', NULL, 0),
(14, 'قمصان', 11, NULL, '2020-06-27 23:38:10', NULL, 0),
(15, 'ملابس رجالي', -1, NULL, '2020-09-06 21:42:19', NULL, 3),
(16, 'ملابس نسائي', -1, NULL, '2020-09-06 21:42:33', NULL, 3);

-- --------------------------------------------------------

--
-- Table structure for table `cites`
--

CREATE TABLE `cites` (
  `id` int(11) NOT NULL,
  `name` varchar(20) NOT NULL,
  `note` varchar(100) DEFAULT NULL,
  `company_id` int(11) NOT NULL DEFAULT 0
) ENGINE=InnoDB DEFAULT CHARSET=utf8mb4;

--
-- Dumping data for table `cites`
--

INSERT INTO `cites` (`id`, `name`, `note`, `company_id`) VALUES
(1, 'بغداد', NULL, 0),
(2, 'البصرة', NULL, 0),
(3, 'نينوى', NULL, 0),
(4, 'أربيل', NULL, 0),
(5, 'النجف', NULL, 0),
(6, 'ذي قار', NULL, 0),
(7, 'كركوك', NULL, 0),
(8, 'الأنبار', NULL, 0),
(9, 'ديالى', NULL, 0),
(10, 'المثنى', NULL, 0),
(11, 'القادسية', NULL, 0),
(12, 'ميسان', NULL, 0),
(13, 'واسط', NULL, 0),
(14, 'صلاح الدين', NULL, 0),
(15, 'دهوك', NULL, 0),
(16, 'السليمانية', NULL, 0),
(17, 'بابل', NULL, 0),
(18, 'كربلاء', NULL, 0);

-- --------------------------------------------------------

--
-- Table structure for table `clients`
--

CREATE TABLE `clients` (
  `id` int(11) NOT NULL,
  `name` varchar(60) NOT NULL,
  `phone` varchar(18) NOT NULL,
  `email` varchar(100) DEFAULT NULL,
  `branch_id` int(11) NOT NULL DEFAULT 1,
  `password` varchar(250) NOT NULL,
  `token` varchar(500) DEFAULT NULL,
  `company_id` int(11) NOT NULL DEFAULT 0
) ENGINE=InnoDB DEFAULT CHARSET=utf8mb4;

--
-- Dumping data for table `clients`
--

INSERT INTO `clients` (`id`, `name`, `phone`, `email`, `branch_id`, `password`, `token`, `company_id`) VALUES
(1, 'صلاح الدين', '09876544423', '', 1, '$2a$07$6xJ4nruDUSRyN2YJpxN8G.wrbKfzuLxVZM7qNrX.AjeLCjF9XDixy', NULL, 0),
(2, 'حيدر حسن', '07872811661', '', 1, '$2a$07$gNZLR1QnLimdSYRFibKDFO2yCvQG6tjn3leuanoy96FB5g0WTOPpO', NULL, 0);

-- --------------------------------------------------------

--
-- Table structure for table `client_dev_price`
--

CREATE TABLE `client_dev_price` (
  `id` int(11) NOT NULL,
  `city_id` int(11) NOT NULL,
  `client_id` int(11) NOT NULL,
  `price` double NOT NULL,
  `company_id` int(11) NOT NULL DEFAULT 0
) ENGINE=InnoDB DEFAULT CHARSET=utf8mb4;

-- --------------------------------------------------------

--
-- Table structure for table `companies`
--

CREATE TABLE `companies` (
  `id` int(11) NOT NULL,
  `logo` varchar(150) NOT NULL,
  `text1` varchar(500) DEFAULT NULL,
  `text2` varchar(500) DEFAULT NULL,
  `name` varchar(200) NOT NULL,
  `phone` varchar(16) NOT NULL,
  `date` datetime NOT NULL DEFAULT current_timestamp(),
  `token` varchar(200) NOT NULL,
  `dns` varchar(200) NOT NULL,
  `company_id` int(11) NOT NULL DEFAULT 0
) ENGINE=InnoDB DEFAULT CHARSET=utf8mb4;

--
-- Dumping data for table `companies`
--

INSERT INTO `companies` (`id`, `logo`, `text1`, `text2`, `name`, `phone`, `date`, `token`, `dns`, `company_id`) VALUES
(2, '5f638c0527380.png', 'الشركة مسجلة قانونيا - رقم التسجيل : م ش أ . - ٠٢ - ٨٨٠٧ ', '', 'البرق', '07722877759', '2020-07-26 15:46:01', 'tyerptyu342iir9t8grui3oe0tugfdnjkwlpo0tghfdnkjmlorgtufvjnkdmlgij', 'https://albarqexpress.com/dash/', 0),
(3, '5f638c6c84f37.png', '', '', 'Localhost', '78654324567', '2020-09-12 16:12:01', 'ghiotpypu7i698457362567890887968453567890879654retwdrsfgxvb', 'http://localhost/alnahr-dash/', 0);

-- --------------------------------------------------------

--
-- Table structure for table `configurable_product`
--

CREATE TABLE `configurable_product` (
  `id` int(11) NOT NULL,
  `product_id` int(11) NOT NULL,
  `buy_price` double NOT NULL,
  `price` int(11) NOT NULL,
  `img` varchar(250) DEFAULT NULL,
  `qty` int(11) NOT NULL,
  `sku` varchar(250) NOT NULL,
  `location` varchar(200) DEFAULT NULL,
  `stock` int(11) NOT NULL DEFAULT 0,
  `sub_name` varchar(250) NOT NULL,
  `company_id` int(11) NOT NULL DEFAULT 0
) ENGINE=InnoDB DEFAULT CHARSET=utf8mb4;

--
-- Dumping data for table `configurable_product`
--

INSERT INTO `configurable_product` (`id`, `product_id`, `buy_price`, `price`, `img`, `qty`, `sku`, `location`, `stock`, `sub_name`, `company_id`) VALUES
(57, 8, 1000, 39000, 'default.jpg', 100, 'كوستم ابو الكلادة وردي  -38', 'L$', 1, 'كوستم ابو الكلادة وردي  -38', 0),
(58, 8, 1000, 39000, 'default.jpg', 2, 'كوستم ابو الكلادة وردي  -40', '', 1, 'كوستم ابو الكلادة وردي  -40', 0),
(59, 8, 1000, 39000, 'default.jpg', 2, 'كوستم ابو الكلادة وردي  -42', '', 1, 'كوستم ابو الكلادة وردي  -42', 0),
(60, 8, 1000, 39000, 'default.jpg', 2, 'كوستم ابو الكلادة وردي  -44', '', 1, 'كوستم ابو الكلادة وردي  -44', 0),
(61, 8, 1000, 39000, 'default.jpg', 2, 'كوستم ابو الكلادة وردي  -46', '', 1, 'كوستم ابو الكلادة وردي  -46', 0),
(62, 8, 1000, 39000, 'default.jpg', 2, 'كوستم ابو الكلادة وردي  -48', '', 1, 'كوستم ابو الكلادة وردي  -48', 0),
(63, 8, 1000, 39000, 'default.jpg', 2, 'كوستم ابو الكلادة وردي  -50', '', 1, 'كوستم ابو الكلادة وردي  -50', 0),
(64, 8, 1000, 39000, 'default.jpg', 2, 'كوستم ابو الكلادة وردي  -52', '', 1, 'كوستم ابو الكلادة وردي  -52', 0),
(65, 9, 1000, 39000, 'default.jpg', 99, 'كوستم ابو الكلادة بنفسجي-38', '4L', 1, 'كوستم ابو الكلادة بنفسجي-38', 0),
(66, 9, 1000, 39000, 'default.jpg', 1, 'كوستم ابو الكلادة بنفسجي-40', '', 1, 'كوستم ابو الكلادة بنفسجي-40', 0),
(67, 9, 1000, 39000, 'default.jpg', 2, 'كوستم ابو الكلادة بنفسجي-42', '', 1, 'كوستم ابو الكلادة بنفسجي-42', 0),
(68, 9, 1000, 39000, 'default.jpg', 2, 'كوستم ابو الكلادة بنفسجي-44', '', 1, 'كوستم ابو الكلادة بنفسجي-44', 0),
(69, 9, 1000, 39000, 'default.jpg', 2, 'كوستم ابو الكلادة بنفسجي-46', '', 1, 'كوستم ابو الكلادة بنفسجي-46', 0),
(70, 9, 1000, 39000, 'default.jpg', 2, 'كوستم ابو الكلادة بنفسجي-48', '', 1, 'كوستم ابو الكلادة بنفسجي-48', 0),
(71, 9, 1000, 39000, 'default.jpg', 1, 'كوستم ابو الكلادة بنفسجي-50', '', 1, 'كوستم ابو الكلادة بنفسجي-50', 0),
(72, 9, 1000, 39000, 'default.jpg', 2, 'كوستم ابو الكلادة بنفسجي-52', '', 1, 'كوستم ابو الكلادة بنفسجي-52', 0),
(73, 10, 1000, 39000, 'default.jpg', 3, 'كوستم ابو الكلادة جويتي-38', '', 1, 'كوستم ابو الكلادة جويتي-38', 0),
(74, 10, 1000, 39000, 'default.jpg', 3, 'كوستم ابو الكلادة جويتي-40', '', 1, 'كوستم ابو الكلادة جويتي-40', 0),
(75, 10, 1000, 39000, 'default.jpg', 2, 'كوستم ابو الكلادة جويتي-42', '', 1, 'كوستم ابو الكلادة جويتي-42', 0),
(76, 10, 1000, 39000, 'default.jpg', 2, 'كوستم ابو الكلادة جويتي-44', '', 1, 'كوستم ابو الكلادة جويتي-44', 0),
(77, 10, 1000, 39000, 'default.jpg', 2, 'كوستم ابو الكلادة جويتي-46', '', 1, 'كوستم ابو الكلادة جويتي-46', 0),
(78, 10, 1000, 39000, 'default.jpg', 3, 'كوستم ابو الكلادة جويتي-48', '', 1, 'كوستم ابو الكلادة جويتي-48', 0),
(79, 10, 1000, 39000, 'default.jpg', 3, 'كوستم ابو الكلادة جويتي-50', '', 1, 'كوستم ابو الكلادة جويتي-50', 0),
(80, 10, 1000, 39000, 'default.jpg', 2, 'كوستم ابو الكلادة جويتي-52', '', 1, 'كوستم ابو الكلادة جويتي-52', 0),
(87, 12, 1000, 39000, '87/5f117098a0b4d.jpg', 3, 'فستان ابو المرساة رصاصي-38', 'g1', 1, 'فستان ابو المرساة رصاصي-38', 0),
(88, 12, 1000, 39000, '88/5f11708d3558b.jpg', 2, 'فستان ابو المرساة رصاصي-40', 'g1', 1, 'فستان ابو المرساة رصاصي-40', 0),
(89, 12, 1000, 39000, '89/5f11707f587ec.jpg', 3, 'فستان ابو المرساة رصاصي-42', 'f1', 1, 'فستان ابو المرساة رصاصي-42', 0),
(90, 12, 1000, 39000, '90/5f117072ba7f2.jpg', 3, 'فستان ابو المرساة رصاصي-44', 'g1', 1, 'فستان ابو المرساة رصاصي-44', 0),
(91, 12, 1000, 39000, '91/5f11702998e2a.jpg', 4, 'فستان ابو المرساة رصاصي-46', 'gg1', 1, 'فستان ابو المرساة رصاصي-46', 0),
(92, 12, 1000, 39000, '92/5f116f4d2d437.jpg', 3, 'فستان ابو المرساة رصاصي-48', 'g1', 1, 'فستان ابو المرساة رصاصي-48', 0),
(93, 13, 1000, 39000, 'default.jpg', 2, 'فستان ابو المرساة من بنفسجي-38', '', 1, 'فستان ابو المرساة من بنفسجي-38', 0),
(94, 13, 1000, 39000, 'default.jpg', 1, 'فستان ابو المرساة من بنفسجي-40', '', 1, 'فستان ابو المرساة من بنفسجي-40', 0),
(95, 13, 1000, 39000, 'default.jpg', 2, 'فستان ابو المرساة من بنفسجي-42', '', 1, 'فستان ابو المرساة من بنفسجي-42', 0),
(96, 13, 1000, 39000, 'default.jpg', 2, 'فستان ابو المرساة من بنفسجي-44', '', 1, 'فستان ابو المرساة من بنفسجي-44', 0),
(97, 13, 1000, 39000, 'default.jpg', 2, 'فستان ابو المرساة من بنفسجي-46', '', 1, 'فستان ابو المرساة من بنفسجي-46', 0),
(98, 13, 1000, 39000, 'default.jpg', 2, 'فستان ابو المرساة من بنفسجي-48', '', 1, 'فستان ابو المرساة من بنفسجي-48', 0),
(99, 14, 1000, 39000, 'default.jpg', 1, 'فستان ابو المرساة سمائي-38', '', 1, 'فستان ابو المرساة سمائي-38', 0),
(100, 14, 1000, 39000, 'default.jpg', 1, 'فستان ابو المرساة سمائي-40', '', 1, 'فستان ابو المرساة سمائي-40', 0),
(101, 14, 1000, 39000, 'default.jpg', 1, 'فستان ابو المرساة سمائي-42', '', 1, 'فستان ابو المرساة سمائي-42', 0),
(102, 14, 1000, 39000, 'default.jpg', 1, 'فستان ابو المرساة سمائي-44', '', 1, 'فستان ابو المرساة سمائي-44', 0),
(103, 15, 1000, 39000, 'default.jpg', 1, 'فستان ابو المرساة سمائي-38', '', 1, 'فستان ابو المرساة سمائي-38', 0),
(104, 15, 1000, 39000, 'default.jpg', 1, 'فستان ابو المرساة سمائي-40', '', 1, 'فستان ابو المرساة سمائي-40', 0),
(105, 15, 1000, 39000, 'default.jpg', 1, 'فستان ابو المرساة سمائي-42', '', 1, 'فستان ابو المرساة سمائي-42', 0),
(106, 15, 1000, 39000, 'default.jpg', 1, 'فستان ابو المرساة سمائي-44', '', 1, 'فستان ابو المرساة سمائي-44', 0),
(107, 15, 1000, 39000, 'default.jpg', 0, 'فستان ابو المرساة سمائي-46', '', 1, 'فستان ابو المرساة سمائي-46', 0),
(108, 15, 1000, 39000, 'default.jpg', 1, 'فستان ابو المرساة سمائي-48', '', 1, 'فستان ابو المرساة سمائي-48', 0),
(109, 16, 1000, 49000, 'default.jpg', 2, 'فستان افراح ذهبي كتف - وردي-38', '', 1, 'فستان افراح ذهبي كتف - وردي-38', 0),
(110, 16, 1000, 49000, 'default.jpg', 1, 'فستان افراح ذهبي كتف - وردي-40', '', 1, 'فستان افراح ذهبي كتف - وردي-40', 0),
(111, 16, 1000, 49000, 'default.jpg', 2, 'فستان افراح ذهبي كتف - وردي-42', '', 1, 'فستان افراح ذهبي كتف - وردي-42', 0),
(112, 16, 1000, 49000, 'default.jpg', 2, 'فستان افراح ذهبي كتف - وردي-44', '', 1, 'فستان افراح ذهبي كتف - وردي-44', 0),
(113, 16, 1000, 49000, 'default.jpg', 1, 'فستان افراح ذهبي كتف - وردي-46', '', 1, 'فستان افراح ذهبي كتف - وردي-46', 0),
(114, 16, 1000, 49000, 'default.jpg', 1, 'فستان افراح ذهبي كتف - وردي-48', '', 1, 'فستان افراح ذهبي كتف - وردي-48', 0),
(115, 17, 1000, 49000, 'default.jpg', 2, 'فستان افراح ذهبي كتف اسود-38', '', 1, 'فستان افراح ذهبي كتف اسود-38', 0),
(116, 17, 1000, 49000, 'default.jpg', 1, 'فستان افراح ذهبي كتف اسود-40', '', 1, 'فستان افراح ذهبي كتف اسود-40', 0),
(117, 17, 1000, 49000, 'default.jpg', 2, 'فستان افراح ذهبي كتف اسود-42', '', 1, 'فستان افراح ذهبي كتف اسود-42', 0),
(118, 17, 1000, 49000, 'default.jpg', 2, 'فستان افراح ذهبي كتف اسود-44', '', 1, 'فستان افراح ذهبي كتف اسود-44', 0),
(119, 17, 1000, 49000, 'default.jpg', 2, 'فستان افراح ذهبي كتف اسود-46', '', 1, 'فستان افراح ذهبي كتف اسود-46', 0),
(120, 17, 1000, 49000, 'default.jpg', 1, 'فستان افراح ذهبي كتف اسود-48', '', 1, 'فستان افراح ذهبي كتف اسود-48', 0),
(121, 18, 1000, 49000, 'default.jpg', 2, 'فستان افراح ذهبي كتف نيلي-38', '', 1, 'فستان افراح ذهبي كتف نيلي-38', 0),
(122, 18, 1000, 49000, 'default.jpg', 2, 'فستان افراح ذهبي كتف نيلي-40', '', 1, 'فستان افراح ذهبي كتف نيلي-40', 0),
(123, 18, 1000, 49000, 'default.jpg', 2, 'فستان افراح ذهبي كتف نيلي-42', '', 1, 'فستان افراح ذهبي كتف نيلي-42', 0),
(124, 18, 1000, 49000, 'default.jpg', 2, 'فستان افراح ذهبي كتف نيلي-44', '', 1, 'فستان افراح ذهبي كتف نيلي-44', 0),
(125, 18, 1000, 49000, 'default.jpg', 2, 'فستان افراح ذهبي كتف نيلي-46', '', 1, 'فستان افراح ذهبي كتف نيلي-46', 0),
(126, 18, 1000, 49000, 'default.jpg', 2, 'فستان افراح ذهبي كتف نيلي-48', '', 1, 'فستان افراح ذهبي كتف نيلي-48', 0),
(127, 19, 1000, 49000, 'default.jpg', 1, 'فستان افراح ذهبي كتف - بنفسجي-38', '', 1, 'فستان افراح ذهبي كتف - بنفسجي-38', 0),
(128, 19, 1000, 49000, 'default.jpg', 2, 'فستان افراح ذهبي كتف - بنفسجي-40', '', 1, 'فستان افراح ذهبي كتف - بنفسجي-40', 0),
(129, 19, 1000, 49000, 'default.jpg', 3, 'فستان افراح ذهبي كتف - بنفسجي-42', '', 1, 'فستان افراح ذهبي كتف - بنفسجي-42', 0),
(130, 19, 1000, 49000, 'default.jpg', 3, 'فستان افراح ذهبي كتف - بنفسجي-44', '', 1, 'فستان افراح ذهبي كتف - بنفسجي-44', 0),
(131, 19, 1000, 49000, 'default.jpg', 2, 'فستان افراح ذهبي كتف - بنفسجي-46', '', 1, 'فستان افراح ذهبي كتف - بنفسجي-46', 0),
(132, 19, 1000, 49000, 'default.jpg', 3, 'فستان افراح ذهبي كتف - بنفسجي-48', '', 1, 'فستان افراح ذهبي كتف - بنفسجي-48', 0),
(133, 20, 1000, 49000, 'default.jpg', 3, 'فستان افراح فراشة - اسود-38', '', 1, 'فستان افراح فراشة - اسود-38', 0),
(134, 20, 1000, 49000, 'default.jpg', 4, 'فستان افراح فراشة - اسود-40', '', 1, 'فستان افراح فراشة - اسود-40', 0),
(135, 20, 1000, 49000, 'default.jpg', 3, 'فستان افراح فراشة - اسود-42', '', 1, 'فستان افراح فراشة - اسود-42', 0),
(136, 20, 1000, 49000, 'default.jpg', 3, 'فستان افراح فراشة - اسود-44', '', 1, 'فستان افراح فراشة - اسود-44', 0),
(137, 20, 1000, 49000, 'default.jpg', 3, 'فستان افراح فراشة - اسود-46', '', 1, 'فستان افراح فراشة - اسود-46', 0),
(138, 20, 1000, 49000, 'default.jpg', 3, 'فستان افراح فراشة - اسود-48', '', 1, 'فستان افراح فراشة - اسود-48', 0),
(139, 21, 1000, 49000, 'default.jpg', 2, 'فستان افراح فراشة- وردي-38', '', 1, 'فستان افراح فراشة- وردي-38', 0),
(140, 21, 1000, 49000, 'default.jpg', 3, 'فستان افراح فراشة- وردي-40', '', 1, 'فستان افراح فراشة- وردي-40', 0),
(141, 21, 1000, 49000, 'default.jpg', 2, 'فستان افراح فراشة- وردي-42', '', 1, 'فستان افراح فراشة- وردي-42', 0),
(142, 21, 1000, 49000, 'default.jpg', 1, 'فستان افراح فراشة- وردي-44', '', 1, 'فستان افراح فراشة- وردي-44', 0),
(143, 21, 1000, 49000, 'default.jpg', 1, 'فستان افراح فراشة- وردي-46', '', 1, 'فستان افراح فراشة- وردي-46', 0),
(144, 21, 1000, 49000, 'default.jpg', 6, 'فستان افراح فراشة- وردي-48', '', 1, 'فستان افراح فراشة- وردي-48', 0),
(145, 22, 1000, 49000, 'default.jpg', 4, 'فستان افراح فراشة- ماروني-38', '', 1, 'فستان افراح فراشة- ماروني-38', 0),
(146, 22, 1000, 49000, 'default.jpg', 2, 'فستان افراح فراشة- ماروني-40', '', 1, 'فستان افراح فراشة- ماروني-40', 0),
(147, 22, 1000, 49000, 'default.jpg', 5, 'فستان افراح فراشة- ماروني-42', '', 1, 'فستان افراح فراشة- ماروني-42', 0),
(148, 22, 1000, 49000, 'default.jpg', 4, 'فستان افراح فراشة- ماروني-44', '', 1, 'فستان افراح فراشة- ماروني-44', 0),
(149, 22, 1000, 49000, 'default.jpg', 5, 'فستان افراح فراشة- ماروني-46', '', 1, 'فستان افراح فراشة- ماروني-46', 0),
(150, 22, 1000, 49000, 'default.jpg', 4, 'فستان افراح فراشة- ماروني-48', '', 1, 'فستان افراح فراشة- ماروني-48', 0),
(151, 23, 1000, 49000, 'default.jpg', 2, 'فستان افراح فراشة- سمائي-38', '', 1, 'فستان افراح فراشة- سمائي-38', 0),
(152, 23, 1000, 49000, 'default.jpg', 2, 'فستان افراح فراشة- سمائي-40', '', 1, 'فستان افراح فراشة- سمائي-40', 0),
(153, 23, 1000, 49000, 'default.jpg', 2, 'فستان افراح فراشة- سمائي-42', '', 1, 'فستان افراح فراشة- سمائي-42', 0),
(154, 23, 1000, 49000, 'default.jpg', 1, 'فستان افراح فراشة- سمائي-44', '', 1, 'فستان افراح فراشة- سمائي-44', 0),
(155, 23, 1000, 49000, 'default.jpg', 1, 'فستان افراح فراشة- سمائي-46', '', 1, 'فستان افراح فراشة- سمائي-46', 0),
(156, 23, 1000, 49000, 'default.jpg', 1, 'فستان افراح فراشة- سمائي-48', '', 1, 'فستان افراح فراشة- سمائي-48', 0),
(157, 24, 1000, 49000, 'default.jpg', 1, 'فستان افراح فراشة - بنفسجي-38', '', 1, 'فستان افراح فراشة - بنفسجي-38', 0),
(158, 24, 1000, 49000, 'default.jpg', 1, 'فستان افراح فراشة - بنفسجي-40', '', 1, 'فستان افراح فراشة - بنفسجي-40', 0),
(159, 24, 1000, 49000, 'default.jpg', 3, 'فستان افراح فراشة - بنفسجي-42', '', 1, 'فستان افراح فراشة - بنفسجي-42', 0),
(160, 24, 1000, 49000, 'default.jpg', 3, 'فستان افراح فراشة - بنفسجي-44', '', 1, 'فستان افراح فراشة - بنفسجي-44', 0),
(161, 24, 1000, 49000, 'default.jpg', 2, 'فستان افراح فراشة - بنفسجي-46', '', 1, 'فستان افراح فراشة - بنفسجي-46', 0),
(162, 24, 1000, 49000, 'default.jpg', 1, 'فستان افراح فراشة - بنفسجي-48', '', 1, 'فستان افراح فراشة - بنفسجي-48', 0),
(163, 25, 1000, 35000, 'default.jpg', 3, 'دكم ذهبي كوستم- اسود-40', '', 1, 'دكم ذهبي كوستم- اسود-40', 0),
(164, 25, 1000, 35000, 'default.jpg', 3, 'دكم ذهبي كوستم- اسود-42', '', 1, 'دكم ذهبي كوستم- اسود-42', 0),
(165, 25, 1000, 35000, 'default.jpg', 3, 'دكم ذهبي كوستم- اسود-44', '', 1, 'دكم ذهبي كوستم- اسود-44', 0),
(166, 25, 1000, 35000, 'default.jpg', 3, 'دكم ذهبي كوستم- اسود-46', '', 1, 'دكم ذهبي كوستم- اسود-46', 0),
(167, 25, 1000, 35000, 'default.jpg', 3, 'دكم ذهبي كوستم- اسود-48', '', 1, 'دكم ذهبي كوستم- اسود-48', 0),
(168, 25, 1000, 35000, 'default.jpg', 3, 'دكم ذهبي كوستم- اسود-50', '', 1, 'دكم ذهبي كوستم- اسود-50', 0),
(169, 26, 1000, 35000, 'default.jpg', 2, 'دكم ذهبي كوستم- نيلي-40', '', 1, 'دكم ذهبي كوستم- نيلي-40', 0),
(170, 26, 1000, 35000, 'default.jpg', 1, 'دكم ذهبي كوستم- نيلي-42', '', 1, 'دكم ذهبي كوستم- نيلي-42', 0),
(171, 26, 1000, 35000, 'default.jpg', 2, 'دكم ذهبي كوستم- نيلي-44', '', 1, 'دكم ذهبي كوستم- نيلي-44', 0),
(172, 26, 1000, 35000, 'default.jpg', 2, 'دكم ذهبي كوستم- نيلي-46', '', 1, 'دكم ذهبي كوستم- نيلي-46', 0),
(173, 26, 1000, 35000, 'default.jpg', 2, 'دكم ذهبي كوستم- نيلي-48', '', 1, 'دكم ذهبي كوستم- نيلي-48', 0),
(174, 26, 1000, 35000, 'default.jpg', 2, 'دكم ذهبي كوستم- نيلي-50', '', 1, 'دكم ذهبي كوستم- نيلي-50', 0),
(175, 27, 1000, 35000, 'default.jpg', 3, 'دكم ذهبي كوستم- بنيسجي-40', '', 1, 'دكم ذهبي كوستم- بنيسجي-40', 0),
(176, 27, 1000, 35000, 'default.jpg', 3, 'دكم ذهبي كوستم- بنيسجي-42', '', 1, 'دكم ذهبي كوستم- بنيسجي-42', 0),
(177, 27, 1000, 35000, 'default.jpg', 3, 'دكم ذهبي كوستم- بنيسجي-44', '', 1, 'دكم ذهبي كوستم- بنيسجي-44', 0),
(178, 27, 1000, 35000, 'default.jpg', 3, 'دكم ذهبي كوستم- بنيسجي-46', '', 1, 'دكم ذهبي كوستم- بنيسجي-46', 0),
(179, 27, 1000, 35000, 'default.jpg', 3, 'دكم ذهبي كوستم- بنيسجي-48', '', 1, 'دكم ذهبي كوستم- بنيسجي-48', 0),
(180, 27, 1000, 35000, 'default.jpg', 3, 'دكم ذهبي كوستم- بنيسجي-50', '', 1, 'دكم ذهبي كوستم- بنيسجي-50', 0),
(181, 28, 1000, 39000, 'default.jpg', 2, 'دكم ذهبي كوستم- ماروني-40', '', 1, 'دكم ذهبي كوستم- ماروني-40', 0),
(182, 28, 1000, 39000, 'default.jpg', 2, 'دكم ذهبي كوستم- ماروني-42', '', 1, 'دكم ذهبي كوستم- ماروني-42', 0),
(183, 28, 1000, 39000, 'default.jpg', 2, 'دكم ذهبي كوستم- ماروني-44', '', 1, 'دكم ذهبي كوستم- ماروني-44', 0),
(184, 28, 1000, 39000, 'default.jpg', 2, 'دكم ذهبي كوستم- ماروني-46', '', 1, 'دكم ذهبي كوستم- ماروني-46', 0),
(185, 28, 1000, 39000, 'default.jpg', 2, 'دكم ذهبي كوستم- ماروني-48', '', 1, 'دكم ذهبي كوستم- ماروني-48', 0),
(186, 28, 1000, 39000, 'default.jpg', 2, 'دكم ذهبي كوستم- ماروني-50', '', 1, 'دكم ذهبي كوستم- ماروني-50', 0),
(187, 29, 1000, 39000, 'default.jpg', 4, 'منقط كبس - بيجي غامق-38', '', 1, 'منقط كبس - بيجي غامق-38', 0),
(188, 29, 1000, 39000, 'default.jpg', 4, 'منقط كبس - بيجي غامق-40', '', 1, 'منقط كبس - بيجي غامق-40', 0),
(189, 29, 1000, 39000, 'default.jpg', 4, 'منقط كبس - بيجي غامق-42', '', 1, 'منقط كبس - بيجي غامق-42', 0),
(190, 29, 1000, 39000, 'default.jpg', 4, 'منقط كبس - بيجي غامق-44', '', 1, 'منقط كبس - بيجي غامق-44', 0),
(191, 29, 1000, 39000, 'default.jpg', 4, 'منقط كبس - بيجي غامق-46', '', 1, 'منقط كبس - بيجي غامق-46', 0),
(192, 29, 1000, 39000, 'default.jpg', 4, 'منقط كبس - بيجي غامق-48', '', 1, 'منقط كبس - بيجي غامق-48', 0),
(193, 30, 1000, 39000, 'default.jpg', 1, 'منقط كبس - بيجي-38', '', 1, 'منقط كبس - بيجي-38', 0),
(194, 30, 1000, 39000, 'default.jpg', 1, 'منقط كبس - بيجي-40', '', 1, 'منقط كبس - بيجي-40', 0),
(195, 30, 1000, 39000, 'default.jpg', 1, 'منقط كبس - بيجي-42', '', 1, 'منقط كبس - بيجي-42', 0),
(196, 30, 1000, 39000, 'default.jpg', 1, 'منقط كبس - بيجي-44', '', 1, 'منقط كبس - بيجي-44', 0),
(197, 30, 1000, 39000, 'default.jpg', 1, 'منقط كبس - بيجي-46', '', 1, 'منقط كبس - بيجي-46', 0),
(198, 30, 1000, 39000, 'default.jpg', 1, 'منقط كبس - بيجي-48', '', 1, 'منقط كبس - بيجي-48', 0),
(199, 31, 1000, 39000, 'default.jpg', 4, 'منقط كبس - نيلي-38', '', 1, 'منقط كبس - نيلي-38', 0),
(200, 31, 1000, 39000, 'default.jpg', 3, 'منقط كبس - نيلي-40', '', 1, 'منقط كبس - نيلي-40', 0),
(201, 31, 1000, 39000, 'default.jpg', 4, 'منقط كبس - نيلي-42', '', 1, 'منقط كبس - نيلي-42', 0),
(202, 31, 1000, 39000, 'default.jpg', 4, 'منقط كبس - نيلي-44', '', 1, 'منقط كبس - نيلي-44', 0),
(203, 31, 1000, 39000, 'default.jpg', 4, 'منقط كبس - نيلي-46', '', 1, 'منقط كبس - نيلي-46', 0),
(204, 31, 1000, 39000, 'default.jpg', 4, 'منقط كبس - نيلي-48', '', 1, 'منقط كبس - نيلي-48', 0),
(205, 32, 1000, 39000, 'default.jpg', 2, 'منقط كبس - بنفسجي-38', '', 1, 'منقط كبس - بنفسجي-38', 0),
(206, 32, 1000, 39000, 'default.jpg', 2, 'منقط كبس - بنفسجي-40', '', 1, 'منقط كبس - بنفسجي-40', 0),
(207, 32, 1000, 39000, 'default.jpg', 2, 'منقط كبس - بنفسجي-42', '', 1, 'منقط كبس - بنفسجي-42', 0),
(208, 32, 1000, 39000, 'default.jpg', 2, 'منقط كبس - بنفسجي-44', '', 1, 'منقط كبس - بنفسجي-44', 0),
(209, 32, 1000, 39000, 'default.jpg', 2, 'منقط كبس - بنفسجي-46', '', 1, 'منقط كبس - بنفسجي-46', 0),
(210, 32, 1000, 39000, 'default.jpg', 2, 'منقط كبس - بنفسجي-48', '', 1, 'منقط كبس - بنفسجي-48', 0),
(211, 33, 1000, 49000, 'default.jpg', 2, 'نونه كلوش ابو ٤٩- وردي-38', 'jj', 1, 'نونه كلوش ابو ٤٩- وردي-38', 0),
(212, 33, 1000, 49000, 'default.jpg', 2, 'نونه كلوش ابو ٤٩- وردي-40', 'jj', 1, 'نونه كلوش ابو ٤٩- وردي-40', 0),
(213, 33, 1000, 49000, 'default.jpg', 2, 'نونه كلوش ابو ٤٩- وردي-42', 'jj', 1, 'نونه كلوش ابو ٤٩- وردي-42', 0),
(214, 33, 1000, 49000, 'default.jpg', 2, 'نونه كلوش ابو ٤٩- وردي-44', 'jj', 1, 'نونه كلوش ابو ٤٩- وردي-44', 0),
(215, 33, 1000, 49000, 'default.jpg', 2, 'نونه كلوش ابو ٤٩- وردي-46', 'jj', 1, 'نونه كلوش ابو ٤٩- وردي-46', 0),
(216, 33, 1000, 49000, 'default.jpg', 2, 'نونه كلوش ابو ٤٩- وردي-48', 'jj', 1, 'نونه كلوش ابو ٤٩- وردي-48', 0),
(217, 33, 1000, 49000, 'default.jpg', 2, 'نونه كلوش ابو ٤٩- وردي-50', 'jj', 1, 'نونه كلوش ابو ٤٩- وردي-50', 0),
(218, 33, 1000, 49000, 'default.jpg', 2, 'نونه كلوش ابو ٤٩- وردي-52', 'jj', 1, 'نونه كلوش ابو ٤٩- وردي-52', 0),
(219, 34, 1000, 49000, 'default.jpg', 2, 'نونه كلوش ابو ٤٩- نيلي-38', '', 1, 'نونه كلوش ابو ٤٩- نيلي-38', 0),
(220, 34, 1000, 49000, 'default.jpg', 1, 'نونه كلوش ابو ٤٩- نيلي-40', '', 1, 'نونه كلوش ابو ٤٩- نيلي-40', 0),
(221, 34, 1000, 49000, 'default.jpg', 2, 'نونه كلوش ابو ٤٩- نيلي-42', '', 1, 'نونه كلوش ابو ٤٩- نيلي-42', 0),
(222, 34, 1000, 49000, 'default.jpg', 2, 'نونه كلوش ابو ٤٩- نيلي-44', '', 1, 'نونه كلوش ابو ٤٩- نيلي-44', 0),
(223, 34, 1000, 49000, 'default.jpg', 2, 'نونه كلوش ابو ٤٩- نيلي-46', '', 1, 'نونه كلوش ابو ٤٩- نيلي-46', 0),
(224, 34, 1000, 49000, 'default.jpg', 2, 'نونه كلوش ابو ٤٩- نيلي-48', '', 1, 'نونه كلوش ابو ٤٩- نيلي-48', 0),
(225, 34, 1000, 49000, 'default.jpg', 3, 'نونه كلوش ابو ٤٩- نيلي-50', '', 1, 'نونه كلوش ابو ٤٩- نيلي-50', 0),
(226, 34, 1000, 49000, 'default.jpg', 1, 'نونه كلوش ابو ٤٩- نيلي-52', '', 1, 'نونه كلوش ابو ٤٩- نيلي-52', 0),
(227, 35, 1000, 49000, 'default.jpg', 1, 'نونه كلوش ابو ٤٩- بيجي فاتح-38', '', 1, 'نونه كلوش ابو ٤٩- بيجي فاتح-38', 0),
(228, 35, 1000, 49000, 'default.jpg', 1, 'نونه كلوش ابو ٤٩- بيجي فاتح-40', '', 1, 'نونه كلوش ابو ٤٩- بيجي فاتح-40', 0),
(229, 35, 1000, 49000, 'default.jpg', 1, 'نونه كلوش ابو ٤٩- بيجي فاتح-42', '', 1, 'نونه كلوش ابو ٤٩- بيجي فاتح-42', 0),
(230, 35, 1000, 49000, 'default.jpg', 1, 'نونه كلوش ابو ٤٩- بيجي فاتح-44', '', 1, 'نونه كلوش ابو ٤٩- بيجي فاتح-44', 0),
(231, 35, 1000, 49000, 'default.jpg', 1, 'نونه كلوش ابو ٤٩- بيجي فاتح-46', '', 1, 'نونه كلوش ابو ٤٩- بيجي فاتح-46', 0),
(232, 35, 1000, 49000, 'default.jpg', 0, 'نونه كلوش ابو ٤٩- بيجي فاتح-48', '', 1, 'نونه كلوش ابو ٤٩- بيجي فاتح-48', 0),
(233, 35, 1000, 49000, 'default.jpg', 1, 'نونه كلوش ابو ٤٩- بيجي فاتح-50', '', 1, 'نونه كلوش ابو ٤٩- بيجي فاتح-50', 0),
(234, 35, 1000, 49000, 'default.jpg', 1, 'نونه كلوش ابو ٤٩- بيجي فاتح-52', '', 1, 'نونه كلوش ابو ٤٩- بيجي فاتح-52', 0),
(235, 36, 1000, 49000, 'default.jpg', 1, 'نونه كلوش ابو ٤٩- بيجي غمامق-38', '', 1, 'نونه كلوش ابو ٤٩- بيجي غمامق-38', 0),
(236, 36, 1000, 49000, 'default.jpg', 1, 'نونه كلوش ابو ٤٩- بيجي غمامق-40', '', 1, 'نونه كلوش ابو ٤٩- بيجي غمامق-40', 0),
(237, 36, 1000, 49000, 'default.jpg', 1, 'نونه كلوش ابو ٤٩- بيجي غمامق-42', '', 1, 'نونه كلوش ابو ٤٩- بيجي غمامق-42', 0),
(238, 36, 1000, 49000, 'default.jpg', 1, 'نونه كلوش ابو ٤٩- بيجي غمامق-44', '', 1, 'نونه كلوش ابو ٤٩- بيجي غمامق-44', 0),
(239, 36, 1000, 49000, 'default.jpg', 1, 'نونه كلوش ابو ٤٩- بيجي غمامق-46', '', 1, 'نونه كلوش ابو ٤٩- بيجي غمامق-46', 0),
(240, 36, 1000, 49000, 'default.jpg', 1, 'نونه كلوش ابو ٤٩- بيجي غمامق-48', '', 1, 'نونه كلوش ابو ٤٩- بيجي غمامق-48', 0),
(241, 36, 1000, 49000, 'default.jpg', 1, 'نونه كلوش ابو ٤٩- بيجي غمامق-50', '', 1, 'نونه كلوش ابو ٤٩- بيجي غمامق-50', 0),
(242, 36, 1000, 49000, 'default.jpg', 1, 'نونه كلوش ابو ٤٩- بيجي غمامق-52', '', 1, 'نونه كلوش ابو ٤٩- بيجي غمامق-52', 0),
(243, 37, 1000, 49000, 'default.jpg', 2, 'نونه كلوش ابو ٤٩- رصاصي-38', '', 1, 'نونه كلوش ابو ٤٩- رصاصي-38', 0),
(244, 37, 1000, 49000, 'default.jpg', 2, 'نونه كلوش ابو ٤٩- رصاصي-40', '', 1, 'نونه كلوش ابو ٤٩- رصاصي-40', 0),
(245, 37, 1000, 49000, 'default.jpg', 1, 'نونه كلوش ابو ٤٩- رصاصي-42', '', 1, 'نونه كلوش ابو ٤٩- رصاصي-42', 0),
(246, 37, 1000, 49000, 'default.jpg', 2, 'نونه كلوش ابو ٤٩- رصاصي-44', '', 1, 'نونه كلوش ابو ٤٩- رصاصي-44', 0),
(247, 37, 1000, 49000, 'default.jpg', 2, 'نونه كلوش ابو ٤٩- رصاصي-46', '', 1, 'نونه كلوش ابو ٤٩- رصاصي-46', 0),
(248, 37, 1000, 49000, 'default.jpg', 2, 'نونه كلوش ابو ٤٩- رصاصي-48', '', 1, 'نونه كلوش ابو ٤٩- رصاصي-48', 0),
(249, 37, 1000, 49000, 'default.jpg', 1, 'نونه كلوش ابو ٤٩- رصاصي-50', '', 1, 'نونه كلوش ابو ٤٩- رصاصي-50', 0),
(250, 37, 1000, 49000, 'default.jpg', 1, 'نونه كلوش ابو ٤٩- رصاصي-52', '', 1, 'نونه كلوش ابو ٤٩- رصاصي-52', 0),
(251, 38, 1000, 49000, 'default.jpg', 1, 'نونه كلوش ابو ٤٩- بيجي سمائي-38', '', 1, 'نونه كلوش ابو ٤٩- بيجي سمائي-38', 0),
(252, 38, 1000, 49000, 'default.jpg', 2, 'نونه كلوش ابو ٤٩- بيجي سمائي-40', '', 1, 'نونه كلوش ابو ٤٩- بيجي سمائي-40', 0),
(253, 38, 1000, 49000, 'default.jpg', 1, 'نونه كلوش ابو ٤٩- بيجي سمائي-42', '', 1, 'نونه كلوش ابو ٤٩- بيجي سمائي-42', 0),
(254, 38, 1000, 49000, 'default.jpg', 2, 'نونه كلوش ابو ٤٩- بيجي سمائي-44', '', 1, 'نونه كلوش ابو ٤٩- بيجي سمائي-44', 0),
(255, 38, 1000, 49000, 'default.jpg', 2, 'نونه كلوش ابو ٤٩- بيجي سمائي-46', '', 1, 'نونه كلوش ابو ٤٩- بيجي سمائي-46', 0),
(256, 38, 1000, 49000, 'default.jpg', 1, 'نونه كلوش ابو ٤٩- بيجي سمائي-48', '', 1, 'نونه كلوش ابو ٤٩- بيجي سمائي-48', 0),
(257, 38, 1000, 49000, 'default.jpg', 2, 'نونه كلوش ابو ٤٩- بيجي سمائي-50', '', 1, 'نونه كلوش ابو ٤٩- بيجي سمائي-50', 0),
(258, 38, 1000, 49000, 'default.jpg', 2, 'نونه كلوش ابو ٤٩- بيجي سمائي-52', '', 1, 'نونه كلوش ابو ٤٩- بيجي سمائي-52', 0),
(259, 39, 1000, 45000, 'default.jpg', 2, 'شبيه ٤٩ - بنفسجي-40', '', 1, 'شبيه ٤٩ - بنفسجي-40', 0),
(260, 39, 1000, 45000, 'default.jpg', 4, 'شبيه ٤٩ - بنفسجي-42', '', 1, 'شبيه ٤٩ - بنفسجي-42', 0),
(261, 39, 1000, 45000, 'default.jpg', 5, 'شبيه ٤٩ - بنفسجي-44', '', 1, 'شبيه ٤٩ - بنفسجي-44', 0),
(262, 39, 1000, 45000, 'default.jpg', 4, 'شبيه ٤٩ - بنفسجي-46', '', 1, 'شبيه ٤٩ - بنفسجي-46', 0),
(263, 39, 1000, 45000, 'default.jpg', 5, 'شبيه ٤٩ - بنفسجي-48', '', 1, 'شبيه ٤٩ - بنفسجي-48', 0),
(264, 39, 1000, 45000, 'default.jpg', 3, 'شبيه ٤٩ - بنفسجي-50', '', 1, 'شبيه ٤٩ - بنفسجي-50', 0),
(265, 39, 1000, 45000, 'default.jpg', 2, 'شبيه ٤٩ - بنفسجي-52', '', 1, 'شبيه ٤٩ - بنفسجي-52', 0),
(266, 40, 1000, 45000, 'default.jpg', 2, 'شبيه ٤٩ - تركوازي-40', '', 1, 'شبيه ٤٩ - تركوازي-40', 0),
(267, 40, 1000, 45000, 'default.jpg', 4, 'شبيه ٤٩ - تركوازي-42', '', 1, 'شبيه ٤٩ - تركوازي-42', 0),
(268, 40, 1000, 45000, 'default.jpg', 4, 'شبيه ٤٩ - تركوازي-44', '', 1, 'شبيه ٤٩ - تركوازي-44', 0),
(269, 40, 1000, 45000, 'default.jpg', 4, 'شبيه ٤٩ - تركوازي-46', '', 1, 'شبيه ٤٩ - تركوازي-46', 0),
(270, 40, 1000, 45000, 'default.jpg', 4, 'شبيه ٤٩ - تركوازي-48', '', 1, 'شبيه ٤٩ - تركوازي-48', 0),
(271, 40, 1000, 45000, 'default.jpg', 3, 'شبيه ٤٩ - تركوازي-50', '', 1, 'شبيه ٤٩ - تركوازي-50', 0),
(272, 40, 1000, 45000, 'default.jpg', 5, 'شبيه ٤٩ - تركوازي-52', '', 1, 'شبيه ٤٩ - تركوازي-52', 0),
(273, 41, 1000, 39000, 'default.jpg', 0, 'شبيه ٤٩ - اسود-40', '', 1, 'شبيه ٤٩ - اسود-40', 0),
(274, 41, 1000, 39000, 'default.jpg', 3, 'شبيه ٤٩ - اسود-42', '', 1, 'شبيه ٤٩ - اسود-42', 0),
(275, 41, 1000, 39000, 'default.jpg', 4, 'شبيه ٤٩ - اسود-44', '', 1, 'شبيه ٤٩ - اسود-44', 0),
(276, 41, 1000, 39000, 'default.jpg', 4, 'شبيه ٤٩ - اسود-46', '', 1, 'شبيه ٤٩ - اسود-46', 0),
(277, 41, 1000, 39000, 'default.jpg', 1, 'شبيه ٤٩ - اسود-48', '', 1, 'شبيه ٤٩ - اسود-48', 0),
(278, 41, 1000, 39000, 'default.jpg', 2, 'شبيه ٤٩ - اسود-50', '', 1, 'شبيه ٤٩ - اسود-50', 0),
(279, 41, 1000, 39000, 'default.jpg', 0, 'شبيه ٤٩ - اسود-52', '', 1, 'شبيه ٤٩ - اسود-52', 0),
(280, 42, 1000, 45000, 'default.jpg', 3, 'شبيه ٤٩ - ماروني-40', '', 1, 'شبيه ٤٩ - ماروني-40', 0),
(281, 42, 1000, 45000, 'default.jpg', 3, 'شبيه ٤٩ - ماروني-42', '', 1, 'شبيه ٤٩ - ماروني-42', 0),
(282, 42, 1000, 45000, 'default.jpg', 2, 'شبيه ٤٩ - ماروني-44', '', 1, 'شبيه ٤٩ - ماروني-44', 0),
(283, 42, 1000, 45000, 'default.jpg', 4, 'شبيه ٤٩ - ماروني-46', '', 1, 'شبيه ٤٩ - ماروني-46', 0),
(284, 42, 1000, 45000, 'default.jpg', 3, 'شبيه ٤٩ - ماروني-48', '', 1, 'شبيه ٤٩ - ماروني-48', 0),
(285, 42, 1000, 45000, 'default.jpg', 4, 'شبيه ٤٩ - ماروني-50', '', 1, 'شبيه ٤٩ - ماروني-50', 0),
(286, 42, 1000, 45000, 'default.jpg', 3, 'شبيه ٤٩ - ماروني-52', '', 1, 'شبيه ٤٩ - ماروني-52', 0),
(287, 43, 1000, 35000, 'default.jpg', 17, 'كابوي نقش غامق-42', 'out1', 1, 'كابوي نقش غامق-42', 0),
(288, 43, 1000, 35000, 'default.jpg', 16, 'كابوي نقش غامق-44', 'out1', 1, 'كابوي نقش غامق-44', 0),
(289, 43, 1000, 35000, 'default.jpg', 16, 'كابوي نقش غامق-46', 'out1', 1, 'كابوي نقش غامق-46', 0),
(290, 43, 1000, 35000, 'default.jpg', 15, 'كابوي نقش غامق-48', 'out1', 1, 'كابوي نقش غامق-48', 0),
(291, 43, 1000, 35000, 'default.jpg', 18, 'كابوي نقش غامق-50', 'out1', 1, 'كابوي نقش غامق-50', 0),
(292, 43, 1000, 35000, 'default.jpg', 13, 'كابوي نقش غامق-52', 'out1', 1, 'كابوي نقش غامق-52', 0),
(293, 44, 1000, 35000, 'default.jpg', 15, 'كابوي نقش فاتح-42', 'g1', 1, 'كابوي نقش فاتح-42', 0),
(294, 44, 1000, 35000, 'default.jpg', 15, 'كابوي نقش فاتح-44', 'g1', 1, 'كابوي نقش فاتح-44', 0),
(295, 44, 1000, 35000, 'default.jpg', 13, 'كابوي نقش فاتح-46', 'g1', 1, 'كابوي نقش فاتح-46', 0),
(296, 44, 1000, 35000, 'default.jpg', 14, 'كابوي نقش فاتح-48', 'g1', 1, 'كابوي نقش فاتح-48', 0),
(297, 44, 1000, 35000, 'default.jpg', 12, 'كابوي نقش فاتح-50', 'g1', 1, 'كابوي نقش فاتح-50', 0),
(298, 44, 1000, 35000, 'default.jpg', 15, 'كابوي نقش فاتح-52', 'g1', 1, 'كابوي نقش فاتح-52', 0),
(299, 45, 1000, 35000, 'default.jpg', 11, 'كابوي مربعات فاتح-42', '', 1, 'كابوي مربعات فاتح-42', 0),
(300, 45, 1000, 35000, 'default.jpg', 10, 'كابوي مربعات فاتح-44', '', 1, 'كابوي مربعات فاتح-44', 0),
(301, 45, 1000, 35000, 'default.jpg', 11, 'كابوي مربعات فاتح-46', '', 1, 'كابوي مربعات فاتح-46', 0),
(302, 45, 1000, 35000, 'default.jpg', 10, 'كابوي مربعات فاتح-48', '', 1, 'كابوي مربعات فاتح-48', 0),
(303, 45, 1000, 35000, 'default.jpg', 9, 'كابوي مربعات فاتح-50', '', 1, 'كابوي مربعات فاتح-50', 0),
(304, 45, 1000, 35000, 'default.jpg', 9, 'كابوي مربعات فاتح-52', '', 1, 'كابوي مربعات فاتح-52', 0),
(305, 46, 1000, 35000, 'default.jpg', 4, 'كابوي مربعات غامق-42', '', 1, 'كابوي مربعات غامق-42', 0),
(306, 46, 1000, 35000, 'default.jpg', 8, 'كابوي مربعات غامق-44', '', 1, 'كابوي مربعات غامق-44', 0),
(307, 46, 1000, 35000, 'default.jpg', 10, 'كابوي مربعات غامق-46', '', 1, 'كابوي مربعات غامق-46', 0),
(308, 46, 1000, 35000, 'default.jpg', 11, 'كابوي مربعات غامق-48', '', 1, 'كابوي مربعات غامق-48', 0),
(309, 46, 1000, 35000, 'default.jpg', 8, 'كابوي مربعات غامق-50', '', 1, 'كابوي مربعات غامق-50', 0),
(310, 46, 1000, 35000, 'default.jpg', 9, 'كابوي مربعات غامق-52', '', 1, 'كابوي مربعات غامق-52', 0),
(311, 47, 2000, 5000, 'default.jpg', 112, 'قبعه-ماروني-34', 'l1', 1, 'قبعه-ماروني-34', 0),
(312, 47, 2000, 5000, '47/5f2c1757dedf2.jpg', 112, 'قبعه-اسود-34', 'l1', 1, 'قبعه-اسود-34', 0),
(313, 47, 2000, 5000, '47/5f2c1757e0396.jpg', 112, 'قبعه-جوزي-34', 'l1', 1, 'قبعه-جوزي-34', 0),
(314, 47, 2000, 5000, 'default.jpg', 112, 'قبعه-ماروني-36', 'l1', 1, 'قبعه-ماروني-36', 0),
(315, 47, 2000, 5000, '47/5f2c1757e2d42.jpg', 112, 'قبعه-اسود-36', 'l1', 1, 'قبعه-اسود-36', 0),
(316, 47, 2000, 5000, 'default.jpg', 112, 'قبعه-جوزي-36', 'l1', 1, 'قبعه-جوزي-36', 0),
(317, 47, 2000, 5000, 'default.jpg', 112, 'قبعه-ماروني-38', 'l1', 1, 'قبعه-ماروني-38', 0),
(318, 47, 2000, 5000, 'default.jpg', 112, 'قبعه-اسود-38', 'l1', 1, 'قبعه-اسود-38', 0),
(319, 47, 2000, 5000, '47/5f2c1757e7956.jpg', 112, 'قبعه-جوزي-38', 'l1', 1, 'قبعه-جوزي-38', 0),
(320, 48, 20000, 30000, 'default.jpg', 1, 'Test PC-34', 'lc4', 1, 'Test PC-34', 0),
(321, 48, 20000, 30000, 'default.jpg', 1, 'Test PC-36', 'lc4', 1, 'Test PC-36', 0),
(322, 48, 20000, 30000, 'default.jpg', 1, 'Test PC-44', 'lc4', 1, 'Test PC-44', 0),
(323, 49, 0, 20000, 'default.jpg', 30, 'Test PC-34', 'F3', 1, 'Test PC-34', 0),
(324, 49, 0, 20000, 'default.jpg', 30, 'Test PC-36', 'F3', 1, 'Test PC-36', 0),
(325, 50, 1, 700000, NULL, 5, 'PC HP Ram 16GB', '', 0, 'PC HP Ram 16GB', 0),
(326, 51, 1, 40000, 'default.jpg', 13, 'كوستم ابو الخرز بنطرون وسترة نيلي-38', 'L3', 1, 'كوستم ابو الخرز بنطرون وسترة نيلي-38', 0),
(327, 51, 1, 40000, 'default.jpg', 13, 'كوستم ابو الخرز بنطرون وسترة نيلي-40', 'L3', 1, 'كوستم ابو الخرز بنطرون وسترة نيلي-40', 0),
(328, 51, 1, 40000, 'default.jpg', 13, 'كوستم ابو الخرز بنطرون وسترة نيلي-42', 'L3', 1, 'كوستم ابو الخرز بنطرون وسترة نيلي-42', 0),
(329, 51, 1, 40000, 'default.jpg', 13, 'كوستم ابو الخرز بنطرون وسترة نيلي-44', 'L3', 1, 'كوستم ابو الخرز بنطرون وسترة نيلي-44', 0),
(330, 51, 1, 40000, 'default.jpg', 13, 'كوستم ابو الخرز بنطرون وسترة نيلي-46', 'L3', 1, 'كوستم ابو الخرز بنطرون وسترة نيلي-46', 0),
(331, 51, 1, 40000, 'default.jpg', 13, 'كوستم ابو الخرز بنطرون وسترة نيلي-48', 'L3', 1, 'كوستم ابو الخرز بنطرون وسترة نيلي-48', 0),
(332, 51, 1, 40000, '51/5f3fff53732de.jpg', 13, 'كوستم ابو الخرز بنطرون وسترة نيلي-50', 'L3', 1, 'كوستم ابو الخرز بنطرون وسترة نيلي-50', 0),
(333, 51, 1, 40000, 'default.jpg', 13, 'كوستم ابو الخرز بنطرون وسترة نيلي-52', 'L3', 1, 'كوستم ابو الخرز بنطرون وسترة نيلي-52', 0),
(334, 52, 1, 40000, 'default.jpg', 26, 'كوستم ابو الخرز بنطرون وسترة اسود-38', '', 1, 'كوستم ابو الخرز بنطرون وسترة اسود-38', 0),
(335, 52, 1, 40000, 'default.jpg', 25, 'كوستم ابو الخرز بنطرون وسترة اسود-40', '', 1, 'كوستم ابو الخرز بنطرون وسترة اسود-40', 0),
(336, 52, 1, 40000, 'default.jpg', 25, 'كوستم ابو الخرز بنطرون وسترة اسود-42', '', 1, 'كوستم ابو الخرز بنطرون وسترة اسود-42', 0),
(337, 52, 1, 40000, 'default.jpg', 25, 'كوستم ابو الخرز بنطرون وسترة اسود-44', '', 1, 'كوستم ابو الخرز بنطرون وسترة اسود-44', 0),
(338, 52, 1, 40000, 'default.jpg', 25, 'كوستم ابو الخرز بنطرون وسترة اسود-46', '', 1, 'كوستم ابو الخرز بنطرون وسترة اسود-46', 0),
(339, 52, 1, 40000, 'default.jpg', 25, 'كوستم ابو الخرز بنطرون وسترة اسود-48', '', 1, 'كوستم ابو الخرز بنطرون وسترة اسود-48', 0),
(340, 52, 1, 40000, 'default.jpg', 25, 'كوستم ابو الخرز بنطرون وسترة اسود-50', '', 1, 'كوستم ابو الخرز بنطرون وسترة اسود-50', 0),
(341, 52, 1, 40000, 'default.jpg', 25, 'كوستم ابو الخرز بنطرون وسترة اسود-52', '', 1, 'كوستم ابو الخرز بنطرون وسترة اسود-52', 0),
(342, 53, 1, 40000, 'default.jpg', 15, 'كوستم ابو الخرز بنطرون وسترة نيلي-34', 'L3', 1, 'كوستم ابو الخرز بنطرون وسترة نيلي-34', 0),
(343, 53, 1, 40000, 'default.jpg', 13, 'كوستم ابو الخرز بنطرون وسترة نيلي-36', 'L3', 1, 'كوستم ابو الخرز بنطرون وسترة نيلي-36', 0),
(344, 53, 1, 40000, 'default.jpg', 13, 'كوستم ابو الخرز بنطرون وسترة نيلي-38', 'L3', 1, 'كوستم ابو الخرز بنطرون وسترة نيلي-38', 0),
(345, 53, 1, 40000, 'default.jpg', 13, 'كوستم ابو الخرز بنطرون وسترة نيلي-40', 'L3', 1, 'كوستم ابو الخرز بنطرون وسترة نيلي-40', 0),
(346, 53, 1, 40000, 'default.jpg', 13, 'كوستم ابو الخرز بنطرون وسترة نيلي-42', 'L3', 1, 'كوستم ابو الخرز بنطرون وسترة نيلي-42', 0),
(347, 53, 1, 40000, 'default.jpg', 13, 'كوستم ابو الخرز بنطرون وسترة نيلي-44', 'L3', 1, 'كوستم ابو الخرز بنطرون وسترة نيلي-44', 0),
(348, 53, 1, 40000, 'default.jpg', 13, 'كوستم ابو الخرز بنطرون وسترة نيلي-46', 'L3', 1, 'كوستم ابو الخرز بنطرون وسترة نيلي-46', 0),
(349, 53, 1, 40000, 'default.jpg', 13, 'كوستم ابو الخرز بنطرون وسترة نيلي-48', 'L3', 1, 'كوستم ابو الخرز بنطرون وسترة نيلي-48', 0),
(350, 54, 10000, 15000, 'default.jpg', 16, 'ملابس ستره-36-اصفر', 'رف 1', 1, 'ملابس ستره-36-اصفر', 3),
(351, 54, 10000, 15000, 'default.jpg', 17, 'ملابس ستره-38-اصفر', 'رف 1', 1, 'ملابس ستره-38-اصفر', 3),
(352, 54, 10000, 15000, 'default.jpg', 17, 'ملابس ستره-40-اصفر', 'رف 1', 1, 'ملابس ستره-40-اصفر', 3),
(353, 54, 10000, 15000, 'default.jpg', 17, 'ملابس ستره-36-احمر', 'رف 1', 1, 'ملابس ستره-36-احمر', 3),
(354, 54, 10000, 15000, 'default.jpg', 17, 'ملابس ستره-38-احمر', 'رف 1', 1, 'ملابس ستره-38-احمر', 3),
(355, 54, 10000, 15000, 'default.jpg', 17, 'ملابس ستره-40-احمر', 'رف 1', 1, 'ملابس ستره-40-احمر', 3),
(356, 55, 10000, 15000, 'default.jpg', 1, 'ملابس ستره-ماروني-34', '', 1, 'ملابس ستره-ماروني-34', 0),
(357, 55, 10000, 15000, 'default.jpg', 1, 'ملابس ستره-زيتوني-34', '', 1, 'ملابس ستره-زيتوني-34', 0),
(358, 55, 10000, 15000, 'default.jpg', 1, 'ملابس ستره-ماروني-36', '', 1, 'ملابس ستره-ماروني-36', 0),
(359, 55, 10000, 15000, 'default.jpg', 1, 'ملابس ستره-زيتوني-36', '', 1, 'ملابس ستره-زيتوني-36', 0),
(360, 56, 0, 8000, NULL, 1, 'ملابس ستره', '', 0, 'ملابس ستره', 0);

-- --------------------------------------------------------

--
-- Table structure for table `head_company`
--

CREATE TABLE `head_company` (
  `id` int(11) NOT NULL,
  `name` varchar(200) NOT NULL,
  `date` datetime NOT NULL DEFAULT current_timestamp(),
  `note` varchar(250) NOT NULL,
  `phone` varchar(20) NOT NULL
) ENGINE=InnoDB DEFAULT CHARSET=utf8mb4;

--
-- Dumping data for table `head_company`
--

INSERT INTO `head_company` (`id`, `name`, `date`, `note`, `phone`) VALUES
(3, 'Aljade', '2020-09-06 21:25:06', '', '07728177759');

-- --------------------------------------------------------

--
-- Table structure for table `images`
--

CREATE TABLE `images` (
  `id` int(11) NOT NULL,
  `product_id` int(11) NOT NULL,
  `path` varchar(250) NOT NULL
) ENGINE=InnoDB DEFAULT CHARSET=utf8mb4;

--
-- Dumping data for table `images`
--

INSERT INTO `images` (`id`, `product_id`, `path`) VALUES
(1, 1, '1/5f0dc86414825.jpg'),
(2, 1, '1/5f1162a6a5ef9.jpg'),
(3, 2, '2/5f11632ca30cc.jpg'),
(4, 3, '3/5f1163b0c94fa.jpg'),
(5, 4, '4/5f11641a6ddaa.jpg'),
(6, 5, '5/5f1164f289a0a.jpg'),
(7, 6, '6/5f1165857ee8b.jpg'),
(8, 7, '7/5f116adac6009.jpg'),
(12, 11, '11/5f116cb0d19c5.jpg'),
(16, 15, '15/5f117136174ec.jpg'),
(17, 16, '16/5f11789d49c58.jpg'),
(18, 17, '17/5f117d8f8a5d5.jpg'),
(19, 18, '18/5f117ddbd5771.jpg'),
(20, 19, '19/5f117e3460aeb.jpg'),
(21, 20, '20/5f1185be6f6fc.jpg'),
(22, 21, '21/5f118603bff58.jpg'),
(23, 22, '22/5f118648b6eb6.jpg'),
(24, 23, '23/5f1186938c8f1.jpg'),
(25, 24, '24/5f1186dbcdb3e.jpg'),
(26, 25, '25/5f11aaf908769.jpg'),
(27, 26, '26/5f11ab33d49fd.jpg'),
(28, 27, '27/5f11ab64da476.jpg'),
(29, 28, '28/5f11abbee7942.jpg'),
(30, 29, '29/5f11ac855d4ad.jpg'),
(31, 30, '30/5f11acbf73803.jpg'),
(32, 31, '31/5f11acef1db9b.jpg'),
(33, 32, '32/5f11ad2e44b50.jpg'),
(34, 33, '33/5f11adfa5b5ad.jpg'),
(35, 34, '34/5f11ae4499ad3.jpg'),
(36, 35, '35/5f11ae92d8e09.jpg'),
(37, 36, '36/5f11af289b49c.jpg'),
(38, 37, '37/5f11af6a4f659.jpg'),
(39, 38, '38/5f11afb4c5b0e.jpg'),
(40, 39, '39/5f11b10db62fc.jpg'),
(41, 40, '40/5f11b14018fc3.jpg'),
(42, 41, '41/5f11b19d5ce56.jpg'),
(43, 42, '42/5f11b1de6a1c4.jpg'),
(44, 43, '43/5f12b46098d09.jpg'),
(45, 44, '44/5f12b54980b89.jpg'),
(46, 45, '45/5f12b8657b0ab.jpg'),
(47, 46, '46/5f12b91352945.jpg'),
(48, 47, '47/5f2c1757dc522.jpg'),
(49, 48, '48/5f396382592a6.png'),
(50, 49, '49/5f396bf262c20.jpg'),
(51, 50, '50/5f3ff9bfe353b.jpg'),
(52, 51, '51/5f3fff536e6f6.jpg'),
(53, 52, '52/5f3fff8495dc4.jpg'),
(54, 53, '53/5f43ede200f95.jpg'),
(55, 53, '53/5f43ede2017f4.jpg'),
(56, 53, '53/5f43ede201f42.jpg'),
(57, 53, '53/5f43ede2026ca.jpg'),
(58, 53, '53/5f43ede202c76.jpg'),
(59, 53, '53/5f43ede2033be.jpg'),
(60, 53, '53/5f43ede203a61.jpg'),
(61, 54, '54/5f55310d1e3de.jpg'),
(62, 55, '55/5f58ec394e601.png'),
(66, 8, '8/5f5f833a14b0c.jpg'),
(67, 8, '8/5f5f833a15219.jpg'),
(68, 8, '8/5f5f833a158c6.jpg'),
(69, 8, '8/5f5f833a15e66.jpg'),
(70, 8, '8/5f5f833a163b3.jpg'),
(71, 8, '8/5f5f833a179d3.jpg'),
(72, 9, '9/5f5f8b1c302ab.jpg'),
(73, 10, '10/5f660bbf07b94.jpg'),
(74, 10, '10/5f660bbf08457.jpeg'),
(75, 12, '12/5f660bca2281c.jpeg'),
(76, 12, '12/5f660bca23074.jpeg'),
(77, 13, '13/5f660bd26e209.jpeg'),
(78, 14, '14/5f660bdbc4b0c.jpeg'),
(79, 56, '56/5f773bc8cef1b.png');

-- --------------------------------------------------------

--
-- Table structure for table `invoice`
--

CREATE TABLE `invoice` (
  `id` int(11) NOT NULL,
  `path` varchar(100) NOT NULL,
  `store_id` int(11) NOT NULL,
  `date` datetime NOT NULL DEFAULT current_timestamp(),
  `orders_status` int(11) NOT NULL,
  `invoice_status` int(11) NOT NULL DEFAULT 0,
  `staff_id` int(11) NOT NULL DEFAULT 0,
  `total` double NOT NULL DEFAULT 0,
  `dev_price` double NOT NULL DEFAULT 0
) ENGINE=InnoDB DEFAULT CHARSET=utf8mb4;

-- --------------------------------------------------------

--
-- Table structure for table `list`
--

CREATE TABLE `list` (
  `id` int(11) NOT NULL,
  `name` varchar(200) NOT NULL,
  `mandop_id` int(11) NOT NULL,
  `date` datetime NOT NULL DEFAULT current_timestamp(),
  `bg_color` varchar(200) NOT NULL DEFAULT '#ffffff',
  `font_color` varchar(200) NOT NULL DEFAULT '#000000'
) ENGINE=InnoDB DEFAULT CHARSET=utf8mb4;

--
-- Dumping data for table `list`
--

INSERT INTO `list` (`id`, `name`, `mandop_id`, `date`, `bg_color`, `font_color`) VALUES
(9, 'Fave2', 1, '2020-08-07 16:57:06', '456789', '#000000');

-- --------------------------------------------------------

--
-- Table structure for table `list_items`
--

CREATE TABLE `list_items` (
  `id` int(11) NOT NULL,
  `product_id` int(11) NOT NULL,
  `list_id` int(11) NOT NULL,
  `date` datetime NOT NULL DEFAULT current_timestamp()
) ENGINE=InnoDB DEFAULT CHARSET=utf8mb4;

--
-- Dumping data for table `list_items`
--

INSERT INTO `list_items` (`id`, `product_id`, `list_id`, `date`) VALUES
(1, 1, 9, '2020-08-07 16:58:29'),
(2, 1, 10, '2020-08-07 20:17:37');

-- --------------------------------------------------------

--
-- Table structure for table `mandop_invoice`
--

CREATE TABLE `mandop_invoice` (
  `id` int(11) NOT NULL,
  `date` datetime NOT NULL DEFAULT current_timestamp(),
  `invoice_status` int(11) DEFAULT NULL,
  `path` varchar(200) NOT NULL,
  `mandop_id` int(11) NOT NULL,
  `staff_id` int(11) NOT NULL DEFAULT 0,
  `total` int(11) NOT NULL DEFAULT 0,
  `mandop_price` int(11) NOT NULL DEFAULT 0
) ENGINE=InnoDB DEFAULT CHARSET=utf8mb4;

--
-- Dumping data for table `mandop_invoice`
--

INSERT INTO `mandop_invoice` (`id`, `date`, `invoice_status`, `path`, `mandop_id`, `staff_id`, `total`, `mandop_price`) VALUES
(154, '2020-10-28 20:30:11', NULL, '2020-10-28_5f99aaa3aaafa.pdf', 29, 0, 0, 0);

-- --------------------------------------------------------

--
-- Table structure for table `mandop_stores`
--

CREATE TABLE `mandop_stores` (
  `id` int(11) NOT NULL,
  `mandop_id` int(11) NOT NULL,
  `store_id` int(11) NOT NULL,
  `date` datetime NOT NULL DEFAULT current_timestamp(),
  `manager_id` int(11) NOT NULL,
  `earnings_fix` double NOT NULL DEFAULT 0,
  `earnings_total` int(11) NOT NULL DEFAULT 0
) ENGINE=InnoDB DEFAULT CHARSET=utf8mb4;

-- --------------------------------------------------------

--
-- Table structure for table `orders`
--

CREATE TABLE `orders` (
  `id` int(11) NOT NULL,
  `total_price` int(11) NOT NULL DEFAULT 0,
  `delivery_company_id` int(11) NOT NULL DEFAULT 0,
  `city_id` int(11) NOT NULL,
  `town_id` int(11) NOT NULL,
  `address` varchar(250) DEFAULT NULL,
  `customer_phone` varchar(18) NOT NULL,
  `customer_name` varchar(250) NOT NULL,
  `note` varchar(250) NOT NULL DEFAULT ' ',
  `order_status_id` int(11) NOT NULL DEFAULT 1,
  `money_status` int(11) NOT NULL DEFAULT 0,
  `manager_id` int(11) NOT NULL,
  `order_no` bigint(20) NOT NULL,
  `mandop_id` int(11) NOT NULL,
  `confirm` int(11) NOT NULL DEFAULT 1,
  `dev_date` datetime NOT NULL DEFAULT current_timestamp(),
  `date` datetime NOT NULL DEFAULT current_timestamp(),
  `discount` double NOT NULL DEFAULT 0,
  `store_id` int(11) NOT NULL DEFAULT 0,
  `invoice_id` int(11) NOT NULL DEFAULT 0,
  `type` int(11) NOT NULL DEFAULT 1,
  `oldOrder_id` int(11) DEFAULT 0,
  `bar_code` varchar(250) DEFAULT '0',
  `company_id` int(11) NOT NULL DEFAULT 0,
  `print` int(11) NOT NULL DEFAULT 0,
  `mandop_invoice_id` int(11) NOT NULL DEFAULT 0
) ENGINE=InnoDB DEFAULT CHARSET=utf8mb4;

--
-- Dumping data for table `orders`
--

INSERT INTO `orders` (`id`, `total_price`, `delivery_company_id`, `city_id`, `town_id`, `address`, `customer_phone`, `customer_name`, `note`, `order_status_id`, `money_status`, `manager_id`, `order_no`, `mandop_id`, `confirm`, `dev_date`, `date`, `discount`, `store_id`, `invoice_id`, `type`, `oldOrder_id`, `bar_code`, `company_id`, `print`, `mandop_invoice_id`) VALUES
(9, 15000, 0, 1, 19, 'Hillha / AL-Ghadeer District', '08988777777', 'Mohammed Ridha Mohammed', '', 1, 0, 38, 100008, 38, 1, '2020-09-06 22:03:04', '2020-09-06 22:03:04', 0, 3, 0, 1, 0, NULL, 3, 1, 0),
(10, 20000, 2, 3, 19, 'Hillha / AL-Ghadeer District', '09875795885', 'Ridha Mohammed ', '', 1, 0, 1, 100009, 29, 1, '2020-09-09 19:37:57', '2020-09-11 00:00:00', 0, 2, 0, 1, 0, '169639', 0, 0, 154),
(18, 39000, 0, 7, 41, 'Hillha / AL-Ghadeer District', '0898877777', 'Mohammed Ridha Mohammed', '', 1, 0, 1, 100011, 29, 1, '2020-09-11 20:37:25', '2020-09-11 20:37:25', 0, 1, 0, 1, 0, '0', 0, 1, 154),
(19, 39000, 0, 7, 41, 'Hillha / AL-Ghadeer District', '0898877777', 'Mohammed Ridha Mohammed', '', 1, 0, 1, 100012, 29, 1, '2020-09-11 20:42:18', '2020-09-11 20:42:18', 0, 1, 0, 1, 0, '0', 0, 1, 154),
(20, 39000, 0, 7, 41, 'Hillha / AL-Ghadeer District', '0898877777', 'Mohammed Ridha Mohammed', '', 1, 0, 1, 100013, 1, 1, '2020-09-11 20:44:33', '2020-09-11 20:44:33', 0, 1, 0, 1, 0, '0', 0, 1, 0),
(21, 39000, 0, 5, 19, 'Hillha / AL-Ghadeer District', '0898877777', 'Mohammed Ridha ', '', 1, 0, 1, 100014, 1, 1, '2020-09-11 20:48:48', '2020-09-11 00:00:00', 0, 1, 0, 1, 0, '0', 0, 1, 0),
(22, 39000, 0, 5, 39, 'Hillha / AL-Ghadeer District', '0898877777', 'Mohammed Ridha Mohammed', '', 4, 0, 1, 1000, 1, 1, '2020-09-13 21:35:14', '2020-09-13 21:35:14', 0, 1, 0, 1, 0, '0', 0, 1, 0),
(23, 39000, 0, 5, 39, 'Hillha / AL-Ghadeer District', '0898877777', 'Mohammed Ridha Mohammed', '', 1, 0, 1, 1001, 1, 1, '2020-09-13 21:35:59', '2020-09-13 21:35:59', 0, 1, 0, 1, 0, '0', 0, 1, 0),
(24, 78000, 0, 6, 40, '', '08988777777', 'محمد حسم', '', 1, 0, 1, 1002, 1, 1, '2020-09-19 17:56:29', '2020-09-19 17:56:29', 0, 1, 0, 1, 0, '0', 0, 0, 0),
(25, 39000, 0, 6, 40, '', '08988777777', 'محمد حسم', '', 1, 0, 1, 1003, 1, 1, '2020-09-19 17:56:29', '2020-09-19 17:56:29', 0, 1, 0, 1, 0, '0', 0, 0, 0);

-- --------------------------------------------------------

--
-- Table structure for table `order_items`
--

CREATE TABLE `order_items` (
  `id` int(11) NOT NULL,
  `configurable_product_id` int(11) NOT NULL,
  `price` double DEFAULT 0,
  `discount` double DEFAULT NULL,
  `qty` int(11) NOT NULL,
  `date` datetime NOT NULL DEFAULT current_timestamp(),
  `order_id` int(11) NOT NULL,
  `storage_manager_id` int(11) DEFAULT NULL,
  `mandop_id` int(11) NOT NULL,
  `item_status` int(11) NOT NULL DEFAULT 0,
  `company_id` int(11) NOT NULL DEFAULT 0
) ENGINE=InnoDB DEFAULT CHARSET=utf8mb4;

--
-- Dumping data for table `order_items`
--

INSERT INTO `order_items` (`id`, `configurable_product_id`, `price`, `discount`, `qty`, `date`, `order_id`, `storage_manager_id`, `mandop_id`, `item_status`, `company_id`) VALUES
(1, 36, 1, NULL, 1, '2020-07-26 15:59:41', 1, NULL, 1, 0, 0),
(2, 1, 1, NULL, 1, '2020-07-26 19:30:35', 2, NULL, 1, 0, 0),
(3, 1, 1, NULL, 1, '2020-07-26 20:11:54', 3, NULL, 1, 0, 0),
(4, 1, 1, NULL, 1, '2020-07-26 20:14:03', 4, NULL, 1, 0, 0),
(5, 1, 1, NULL, 1, '2020-07-26 20:39:02', 5, NULL, 1, 0, 0),
(6, 1, 1, NULL, 1, '2020-07-26 20:39:02', 5, NULL, 1, 0, 0),
(7, 2, 1, NULL, 1, '2020-07-26 20:45:26', 6, NULL, 1, 0, 0),
(8, 2, 1, NULL, 1, '2020-07-26 20:46:40', 7, NULL, 1, 0, 0),
(11, 350, 38, NULL, 1, '2020-09-06 22:03:04', 9, NULL, 38, 0, 0),
(15, 57, 1, NULL, 1, '2020-09-11 20:37:25', 18, NULL, 1, 0, 0),
(16, 65, 1, NULL, 1, '2020-09-11 20:42:18', 19, NULL, 1, 0, 0),
(17, 65, 1, NULL, 1, '2020-09-11 20:44:33', 20, NULL, 1, 0, 0),
(18, 57, 1, NULL, 1, '2020-09-11 20:48:48', 21, NULL, 1, 0, 0),
(19, 57, 1, NULL, 1, '2020-09-13 21:35:14', 22, NULL, 1, 4, 0),
(20, 57, 1, NULL, 1, '2020-09-13 21:35:59', 23, NULL, 1, 0, 0),
(21, 57, 1, NULL, 1, '2020-09-19 17:56:29', 24, NULL, 0, 0, 0),
(22, 94, 1, NULL, 1, '2020-09-19 17:56:29', 24, NULL, 0, 0, 0),
(23, 57, 1, NULL, 1, '2020-09-19 17:56:29', 25, NULL, 0, 0, 0);

-- --------------------------------------------------------

--
-- Table structure for table `order_status`
--

CREATE TABLE `order_status` (
  `id` int(11) NOT NULL,
  `status` varchar(200) NOT NULL,
  `note` varchar(250) NOT NULL
) ENGINE=InnoDB DEFAULT CHARSET=utf8mb4;

--
-- Dumping data for table `order_status`
--

INSERT INTO `order_status` (`id`, `status`, `note`) VALUES
(1, 'تم تسجيل الطلب', '/'),
(2, 'جاهز للارسال', ''),
(3, 'بالطريق مع المندوب', ''),
(4, 'تم تسليم الطلب', ''),
(5, 'استبدال الطلب', ''),
(6, 'راجع جزئي', ''),
(7, 'مؤجل ', ''),
(8, 'تغير عنوان', ''),
(9, 'راحع كلي', 'لن تكون هناك اجرة توصيل');

-- --------------------------------------------------------

--
-- Table structure for table `product`
--

CREATE TABLE `product` (
  `id` int(11) NOT NULL,
  `name` varchar(250) NOT NULL,
  `type` int(1) NOT NULL COMMENT '1 simple 2 configurable',
  `des` varchar(3000) DEFAULT NULL,
  `category_id` int(11) NOT NULL,
  `simple_des` varchar(250) DEFAULT NULL,
  `store_id` int(11) NOT NULL,
  `price` double NOT NULL,
  `buy_price` double NOT NULL DEFAULT 0,
  `staff_id` int(11) NOT NULL DEFAULT 0,
  `display` int(11) NOT NULL DEFAULT 1,
  `company_id` int(11) NOT NULL DEFAULT 0
) ENGINE=InnoDB DEFAULT CHARSET=utf8mb4;

--
-- Dumping data for table `product`
--

INSERT INTO `product` (`id`, `name`, `type`, `des`, `category_id`, `simple_des`, `store_id`, `price`, `buy_price`, `staff_id`, `display`, `company_id`) VALUES
(8, 'كوستم ابو الكلادة وردي  3', 2, NULL, 11, 'كوستم ابو الكلادة اسود من مسفالي القياسات من ٣٨ الى ٥٢', 1, 38000, 0, 0, 1, 0),
(9, 'كوستم ابو الكلادة بنفسجي', 2, NULL, 11, 'كوستم ابو الكلادة بنفسجي من مسفالي القياسات من ٣٨ الى ٥٢', 1, 35000, 0, 0, 1, 0),
(10, 'كوستم ابو الكلادة جويتي', 2, NULL, 11, 'كوستم ابو الكلادة جويتي', 1, 35000, 0, 0, 1, 0),
(12, 'فستان ابو المرساة رصاصي', 2, NULL, 11, 'فستان ابو المرساة من مسفالي رصاصي', 1, 35000, 0, 0, 1, 0),
(13, 'فستان ابو المرساة من بنفسجي', 2, NULL, 11, 'فستان ابو المرساة من مسفالي سمائي', 1, 35000, 0, 0, 1, 0),
(14, 'فستان ابو المرساة سمائي', 2, NULL, 11, '', 1, 35000, 0, 0, 1, 0),
(15, 'فستان ابو المرساة سمائي', 2, '', 11, '', 1, 35000, 0, 0, 1, 0),
(16, 'فستان افراح ذهبي كتف - وردي', 2, '', 11, 'فستان افراح ذهبي كتف', 1, 35000, 0, 0, 1, 0),
(17, 'فستان افراح ذهبي كتف اسود', 2, '', 11, 'فستان افراح ذهبي كتف', 1, 35000, 0, 0, 1, 0),
(18, 'فستان افراح ذهبي كتف نيلي', 2, '', 11, 'فستان افراح ذهبي كتف', 1, 35000, 0, 0, 1, 0),
(19, 'فستان افراح ذهبي كتف - بنفسجي', 2, NULL, 11, 'فستان افراح ذهبي كتف', 1, 35000, 0, 0, 1, 0),
(20, 'فستان افراح فراشة - اسود', 2, '', 11, 'فستان افراح فراشة', 1, 35000, 0, 0, 1, 0),
(21, 'فستان افراح فراشة- وردي', 2, '', 11, 'فستان افراح فراشة', 1, 35000, 0, 0, 1, 0),
(22, 'فستان افراح فراشة- ماروني', 2, '', 11, 'فستان افراح فراشة', 1, 35000, 0, 0, 1, 0),
(23, 'فستان افراح فراشة- سمائي', 2, '', 11, 'فستان افراح فراشة', 1, 35000, 0, 0, 1, 0),
(24, 'فستان افراح فراشة - بنفسجي', 2, '', 11, 'فستان افراح فراشة', 1, 35000, 0, 0, 1, 0),
(25, 'دكم ذهبي كوستم- اسود', 2, '', 11, 'دكم ذهبي كوستم- اسود', 1, 35000, 0, 0, 1, 0),
(26, 'دكم ذهبي كوستم- نيلي', 2, '', 11, 'دكم ذهبي كوستم- نيلي', 1, 35000, 0, 0, 1, 0),
(27, 'دكم ذهبي كوستم- بنيسجي', 2, '', 11, 'دكم ذهبي كوستم- بنيسجي', 1, 35000, 0, 0, 1, 0),
(28, 'دكم ذهبي كوستم- ماروني', 2, '', 11, 'دكم ذهبي كوستم- ماروني', 1, 35000, 0, 0, 1, 0),
(29, 'منقط كبس - بيجي غامق', 2, '', 11, 'منقط كبس - بيجي غامق', 1, 35000, 0, 0, 1, 0),
(30, 'منقط كبس - بيجي', 2, '', 11, 'منقط كبس - بيجي', 1, 35000, 0, 0, 1, 0),
(31, 'منقط كبس - نيلي', 2, '', 11, 'منقط كبس - نيلي', 1, 35000, 0, 0, 1, 0),
(32, 'منقط كبس - بنفسجي', 2, '', 11, 'منقط كبس - بنفسجي', 1, 35000, 0, 0, 1, 0),
(33, 'نونه كلوش ابو ٤٩- وردي', 2, '', 11, 'نونه كلوش ابو ٤٩- وردي', 1, 35000, 0, 0, 1, 0),
(34, 'نونه كلوش ابو ٤٩- نيلي', 2, '', 11, 'نونه كلوش ابو ٤٩- نيلي', 1, 35000, 0, 0, 1, 0),
(35, 'نونه كلوش ابو ٤٩- بيجي فاتح', 2, '', 11, 'نونه كلوش ابو ٤٩- بيجي فاتح', 1, 35000, 0, 0, 1, 0),
(36, 'نونه كلوش ابو ٤٩- بيجي غمامق', 2, '', 11, 'نونه كلوش ابو ٤٩- بيجي غامق', 1, 35000, 0, 0, 1, 0),
(37, 'نونه كلوش ابو ٤٩- رصاصي', 2, '', 11, 'نونه كلوش ابو ٤٩- رصاصي', 1, 35000, 0, 0, 1, 0),
(38, 'نونه كلوش ابو ٤٩- بيجي سمائي', 2, '', 11, 'نونه كلوش ابو ٤٩- سمائي', 1, 35000, 0, 0, 1, 0),
(39, 'شبيه ٤٩ - بنفسجي', 2, '', 11, 'شبيه ٤٩ - بنفسجي', 1, 35000, 0, 0, 1, 0),
(40, 'شبيه ٤٩ - تركوازي', 2, '', 11, 'شبيه ٤٩ - تركوازي', 1, 35000, 0, 0, 1, 0),
(41, 'شبيه ٤٩ - اسود', 2, '', 11, 'شبيه ٤٩ - اسود', 1, 35000, 0, 0, 1, 0),
(42, 'شبيه ٤٩ - ماروني', 2, '', 11, 'شبيه ٤٩ - ماروني', 1, 35000, 0, 0, 1, 0),
(43, 'كابوي نقش غامق', 2, '', 11, 'كابوي نقش غامق', 1, 35000, 0, 0, 1, 0),
(44, 'كابوي نقش فاتح', 2, '', 11, 'كابوي نقش غامق', 1, 35000, 0, 0, 1, 0),
(45, 'كابوي مربعات فاتح', 2, '', 11, 'كابوي مربعات فاتح', 1, 35000, 0, 0, 1, 0),
(46, 'كابوي مربعات غامق', 2, '', 11, 'كابوي مربعات غامق', 1, 35000, 0, 0, 1, 0),
(47, 'قبعه', 2, '', 9, 'بعض الوصف', 1, 5000, 2000, 0, 1, 0),
(48, 'Test PC', 2, '', 1, '', 1, 30000, 20000, 0, 1, 0),
(49, 'Test PC', 2, '', 9, '', 1, 20000, 1, 0, 1, 0),
(50, 'PC HP Ram 16GB', 1, '', 1, 'Good and new laptop for gaming ', 1, 700000, 1, 0, 1, 0),
(51, 'كوستم ابو الخرز بنطرون وسترة نيلي', 2, '', 11, 'كوستم ابو الخرز بنطرون وسترة نيلي من ماركة مسفالي القياسات من ٣٨ الى ٥٢', 1, 40000, 1, 0, 1, 0),
(52, 'كوستم ابو الخرز بنطرون وسترة اسود', 2, '', 11, 'كوستم ابو الخرز بنطرون وسترة نيلي من ماركة مسفالي القياسات من ٣٨ الى ٥٢', 1, 40000, 1, 0, 1, 0),
(53, 'كوستم ابو الخرز بنطرون وسترة نيلي', 2, '', 11, 'كوستم ابو الخرز بنطرون وسترة نيلي من ماركة مسفالي القياسات من ٣٨ الى ٥٢', 1, 40000, 1, 0, 1, 0),
(54, 'ملابس ستره', 2, '', 16, 'نسائي', 3, 15000, 10000, 0, 1, 3),
(55, 'ملابس ستره', 2, '', 13, '', 2, 15000, 10000, -1, 1, 0),
(56, 'ملابس ستره', 1, '', 1, '', 2, 8000, 0, 1, 1, 0);

-- --------------------------------------------------------

--
-- Table structure for table `receipts`
--

CREATE TABLE `receipts` (
  `id` int(11) NOT NULL,
  `from_receipt` bigint(20) NOT NULL,
  `to_receipt` bigint(20) NOT NULL,
  `company_id` int(11) NOT NULL,
  `date` datetime NOT NULL DEFAULT current_timestamp(),
  `delivery_company_id` int(11) NOT NULL DEFAULT 0
) ENGINE=InnoDB DEFAULT CHARSET=utf8mb4;

--
-- Dumping data for table `receipts`
--

INSERT INTO `receipts` (`id`, `from_receipt`, `to_receipt`, `company_id`, `date`, `delivery_company_id`) VALUES
(3, 1004, 2000, 0, '2020-09-13 21:34:31', 0);

-- --------------------------------------------------------

--
-- Table structure for table `role`
--

CREATE TABLE `role` (
  `id` int(11) NOT NULL,
  `name` varchar(200) NOT NULL
) ENGINE=InnoDB DEFAULT CHARSET=utf8mb4;

--
-- Dumping data for table `role`
--

INSERT INTO `role` (`id`, `name`) VALUES
(1, 'مدير الشركة'),
(2, 'محاسب'),
(3, 'موظف'),
(4, 'مندوب'),
(5, 'مدير مخزن'),
(6, 'موظف طؤرئ');

-- --------------------------------------------------------

--
-- Table structure for table `staff`
--

CREATE TABLE `staff` (
  `id` int(11) NOT NULL,
  `name` varchar(200) NOT NULL,
  `phone` varchar(18) NOT NULL,
  `branch_id` int(11) NOT NULL,
  `id_copy` varchar(100) NOT NULL DEFAULT 'defult.png',
  `employee_id` int(11) DEFAULT NULL,
  `phone_2` varchar(18) DEFAULT NULL,
  `role_id` int(11) NOT NULL,
  `password` varchar(100) NOT NULL,
  `email` varchar(250) DEFAULT ' ',
  `account_type` int(11) NOT NULL DEFAULT 1,
  `status` int(11) NOT NULL DEFAULT 1,
  `token` varchar(500) DEFAULT NULL,
  `company_id` int(11) NOT NULL DEFAULT 0,
  `developer` int(11) NOT NULL DEFAULT 0
) ENGINE=InnoDB DEFAULT CHARSET=utf8mb4;

--
-- Dumping data for table `staff`
--

INSERT INTO `staff` (`id`, `name`, `phone`, `branch_id`, `id_copy`, `employee_id`, `phone_2`, `role_id`, `password`, `email`, `account_type`, `status`, `token`, `company_id`, `developer`) VALUES
(1, 'Mohammed Mohammed', '07822816693', 1, '1/5e56c045a3ef7.jpg', NULL, NULL, 1, '$2a$07$gNZLR1QnLimdSYRFibKDFO2yCvQG6tjn3leuanoy96FB5g0WTOPpO', 'mohammed.mrm4@gmail.com', 0, 1, 'dARV6p02B97sZVZdnTLg4v:APA91bEfrRQ_P84hwuR5Ba0lo4aukuGaiJBsNrV9VH-90OnEsJ3qkuANEC8pHXpktMbOU-wjCCpbyaWFoBjka18AQ7VDQ7ad03HlfF_rX-NOi5fGn4Ap2bBxtifpgs59SY1P-tiq8SgZ', 0, 1),
(6, 'Ali Mohammed Redha', '07822816695', 1, 'defult.png	', NULL, NULL, 6, '$2a$07$ABkq4GIgHOksKNa0LULD6.GoyLRv6Y4htk7IFECi/HFaiD7AKbhNy', '', 2, 0, NULL, 0, 0),
(7, 'مرتضى عباس', '07822816694', 1, 'defult.png', NULL, NULL, 6, '$2a$07$ASDiur1hLSVGu3DGEervgOe2nltbk4ocXWUdiZRDcOOcbknoh/rgq', ' ', 2, 0, NULL, 0, 0),
(25, 'محمد حمزه', '07804006681', 1, '1/5eb3b18f74146.jpg', NULL, NULL, 5, '$2a$07$e3rDm740vOhPyZ8isRniKONKgKhfy2WKrOTALqEt9IfxV6CwkdnSW', '', 1, 1, 'cQSurNQNS2qMfoHozAMchV:APA91bG1WxW6PEqrNklRwKqwrJ5RxnviPlzRPwKFaSdzjpNVcUOJShBP2xJFRfOajGE2KKMQmC66KllRoah7hgY4HD8LShe2U0idbxX2_cZnb5b2VKD_YcgdisH4_B_zIgqaArTXFn6S', 0, 0),
(27, 'غفران ', '07715880358', 1, '1/5eb7f7be00ff4.jpg', NULL, NULL, 1, '$2a$07$3T4HJQbdKCWeGblUkdCn2uU6dkAD3GQDdGADiM.s1Jy/doS.bdRka', '', 1, 1, NULL, 0, 0),
(28, 'سائق بغداد', '1234567890', 1, '1/5eb81362b8013.jpg', NULL, NULL, 4, '$2a$07$VjkBWXmoWnc28EvWqCY98ukrW0VZAhBThmZRpgYi9yquksqpeOYjC', '', 1, 1, NULL, 0, 0),
(29, 'صادق', '07723456734', 3, '3/5eb81391d84e6.jpg', NULL, NULL, 4, '$2a$07$TbhrtRXA1QR2XxBFT40viuDhOU7RMMSIv1lsLP69lvTCngom0/y7K', '', 1, 1, NULL, 0, 0),
(30, 'Yousif Ayad', '07721415720', 1, '1/5ebbac36f1f01.jpg', NULL, NULL, 5, '$2a$07$lCYyUeXAHTONlD0764IKh.MCixrSThkbTfojXTUkONzTjixHT3Fl2', '', 1, 1, 'cm0p8R_x4tXOf4HYf6-wdW:APA91bGhb-gStV6EpfkKXK0c0CghXNrHSBZO0mRh2vmVErCOAUsWsZW78RIv5zkQd8xZS5XpTtqqSVEIV4d2l-LYpcYHUwRDIcbSlyikru6WI72UXmJzoyzJnp1hsLzv8bakKjNWPVmT', 0, 0),
(31, 'علي حسن', '07827134799', 1, '1/5ebbaf3f103a3.jpg', NULL, NULL, 5, '$2a$07$nFTHmgEYcr7YBYNVWiTT6unPgU1Czx6Kl9KpAr37gg6R8Hd1SIEAi', '', 1, 1, NULL, 0, 0),
(32, 'حازم ناظم', '07828899415', 1, '1/5ebbb26d5fc33.jpg', NULL, NULL, 5, '$2a$07$AEJ8CCfx67Cy5nZMlae2zenL4lOV9x/n10AmBdRqHQQzG00ZpI2Du', '', 1, 1, NULL, 0, 0),
(33, 'مصطفى ستور078', '07700770949', 1, '1/5ebbb79b7843f.jpg', NULL, NULL, 5, '$2a$07$fKVGSkt7zkJ6d20ddA0x8ufLhOc3OdY4nfi7bjvqS4bVZkOw8URyS', '', 1, 1, NULL, 0, 0),
(34, 'Ahmed Altememi', '07737725580', 1, '1/5ebbb9b38bbe1.jpg', NULL, NULL, 1, '$2a$07$qS8SVzxVtBeKdMXNrSPfUOtjZcRWOtOU0G2yPOCdvhPU7KQXuj/Dq', '', 1, 1, 'fSUh_hzEAZS5palJ_erFjQ:APA91bHa6w_-IBcWxsKExUXgG_swgxp3YQueE_BpBq-0wskLWRTYh13bMk3OgQp1W2pv_a0EdpmDKWkD68dHK2ixnmUf-UGQHSFDDxZo0XeBJyD7G4ZXYJ0RHQZnlEeE9gn99Ggo-7Fh', 0, 0),
(35, 'Tabarek Ali', '07872811661', 1, '1/5ee50ccd6701c.jpg', NULL, NULL, 1, '$2a$07$2VQN6Gw82jzRUT8YwkZRS.aUNeIx.yd2z.8bxrlfvQT0QuIZRfxru', 'hayder_ok@yahoo.com', 1, 1, NULL, 0, 0),
(36, 'فقار حسن', '07814685122', 1, '1/5ef4fc065fbd2.jpg', NULL, NULL, 4, '$2a$07$hjbtGElCQQKOfLVwy0O6buZnQiNzWXsZv8Ax15lmAJcYbsUqBTgXO', '', 1, 1, NULL, 0, 0),
(38, 'حيدر حسن', '07728177759', 0, 'defult.png', NULL, NULL, 1, '$2a$07$gNZLR1QnLimdSYRFibKDFO2yCvQG6tjn3leuanoy96FB5g0WTOPpO', ' ', 1, 1, NULL, 3, 0);

-- --------------------------------------------------------

--
-- Table structure for table `stores`
--

CREATE TABLE `stores` (
  `id` int(11) NOT NULL,
  `client_id` int(11) NOT NULL,
  `name` varchar(200) NOT NULL,
  `date` datetime NOT NULL DEFAULT current_timestamp(),
  `note` varchar(250) DEFAULT NULL,
  `company_id` int(11) NOT NULL DEFAULT 0
) ENGINE=InnoDB DEFAULT CHARSET=utf8mb4;

--
-- Dumping data for table `stores`
--

INSERT INTO `stores` (`id`, `client_id`, `name`, `date`, `note`, `company_id`) VALUES
(1, 2, 'فيس شوب', '2020-07-14 14:21:37', '', 0),
(2, 1, 'ملك الجاد', '2020-07-14 14:21:53', '', 0),
(3, 3, 'المبرمج', '2020-09-06 21:46:43', '', 3),
(4, 1, 'المبرمج الذكي', '2020-09-09 19:27:55', '', 0);

-- --------------------------------------------------------

--
-- Table structure for table `sub_option`
--

CREATE TABLE `sub_option` (
  `id` int(11) NOT NULL,
  `configurable_product_id` int(11) NOT NULL,
  `attribute_id` int(11) DEFAULT NULL,
  `attribute_config_id` int(11) NOT NULL,
  `date` datetime NOT NULL DEFAULT current_timestamp(),
  `company_id` int(11) NOT NULL DEFAULT 0
) ENGINE=InnoDB DEFAULT CHARSET=utf8mb4;

--
-- Dumping data for table `sub_option`
--

INSERT INTO `sub_option` (`id`, `configurable_product_id`, `attribute_id`, `attribute_config_id`, `date`, `company_id`) VALUES
(1, 1, 2, 11, '2020-07-17 08:34:46', 0),
(2, 2, 2, 12, '2020-07-17 08:34:46', 0),
(3, 3, 2, 13, '2020-07-17 08:34:46', 0),
(4, 4, 2, 14, '2020-07-17 08:34:46', 0),
(5, 5, 2, 15, '2020-07-17 08:34:46', 0),
(6, 6, 2, 16, '2020-07-17 08:34:46', 0),
(7, 7, 2, 17, '2020-07-17 08:34:46', 0),
(8, 8, 2, 18, '2020-07-17 08:34:46', 0),
(9, 9, 2, 11, '2020-07-17 08:37:00', 0),
(10, 10, 2, 12, '2020-07-17 08:37:00', 0),
(11, 11, 2, 13, '2020-07-17 08:37:00', 0),
(12, 12, 2, 14, '2020-07-17 08:37:00', 0),
(13, 13, 2, 15, '2020-07-17 08:37:00', 0),
(14, 14, 2, 16, '2020-07-17 08:37:00', 0),
(15, 15, 2, 17, '2020-07-17 08:37:00', 0),
(16, 16, 2, 18, '2020-07-17 08:37:00', 0),
(17, 17, 2, 11, '2020-07-17 08:39:12', 0),
(18, 18, 2, 12, '2020-07-17 08:39:12', 0),
(19, 19, 2, 13, '2020-07-17 08:39:12', 0),
(20, 20, 2, 14, '2020-07-17 08:39:12', 0),
(21, 21, 2, 15, '2020-07-17 08:39:12', 0),
(22, 22, 2, 16, '2020-07-17 08:39:12', 0),
(23, 23, 2, 17, '2020-07-17 08:39:12', 0),
(24, 24, 2, 18, '2020-07-17 08:39:12', 0),
(25, 25, 2, 11, '2020-07-17 08:40:58', 0),
(26, 26, 2, 12, '2020-07-17 08:40:58', 0),
(27, 27, 2, 13, '2020-07-17 08:40:58', 0),
(28, 28, 2, 14, '2020-07-17 08:40:58', 0),
(29, 29, 2, 15, '2020-07-17 08:40:58', 0),
(30, 30, 2, 16, '2020-07-17 08:40:58', 0),
(31, 31, 2, 17, '2020-07-17 08:40:58', 0),
(32, 32, 2, 18, '2020-07-17 08:40:58', 0),
(33, 33, 2, 11, '2020-07-17 08:44:34', 0),
(34, 34, 2, 12, '2020-07-17 08:44:34', 0),
(35, 35, 2, 13, '2020-07-17 08:44:34', 0),
(36, 36, 2, 14, '2020-07-17 08:44:34', 0),
(37, 37, 2, 15, '2020-07-17 08:44:34', 0),
(38, 38, 2, 16, '2020-07-17 08:44:34', 0),
(39, 39, 2, 17, '2020-07-17 08:44:34', 0),
(40, 40, 2, 18, '2020-07-17 08:44:34', 0),
(41, 41, 2, 11, '2020-07-17 08:47:01', 0),
(42, 42, 2, 12, '2020-07-17 08:47:01', 0),
(43, 43, 2, 13, '2020-07-17 08:47:01', 0),
(44, 44, 2, 14, '2020-07-17 08:47:01', 0),
(45, 45, 2, 15, '2020-07-17 08:47:01', 0),
(46, 46, 2, 16, '2020-07-17 08:47:01', 0),
(47, 47, 2, 17, '2020-07-17 08:47:01', 0),
(48, 48, 2, 18, '2020-07-17 08:47:01', 0),
(49, 49, 2, 11, '2020-07-17 09:09:46', 0),
(50, 50, 2, 12, '2020-07-17 09:09:46', 0),
(51, 51, 2, 13, '2020-07-17 09:09:46', 0),
(52, 52, 2, 14, '2020-07-17 09:09:46', 0),
(53, 53, 2, 15, '2020-07-17 09:09:46', 0),
(54, 54, 2, 16, '2020-07-17 09:09:46', 0),
(55, 55, 2, 17, '2020-07-17 09:09:46', 0),
(56, 56, 2, 18, '2020-07-17 09:09:46', 0),
(57, 57, 2, 11, '2020-07-17 09:11:04', 0),
(58, 58, 2, 12, '2020-07-17 09:11:04', 0),
(59, 59, 2, 13, '2020-07-17 09:11:04', 0),
(60, 60, 2, 14, '2020-07-17 09:11:04', 0),
(61, 61, 2, 15, '2020-07-17 09:11:04', 0),
(62, 62, 2, 16, '2020-07-17 09:11:04', 0),
(63, 63, 2, 17, '2020-07-17 09:11:04', 0),
(64, 64, 2, 18, '2020-07-17 09:11:04', 0),
(65, 65, 2, 11, '2020-07-17 09:12:28', 0),
(66, 66, 2, 12, '2020-07-17 09:12:28', 0),
(67, 67, 2, 13, '2020-07-17 09:12:28', 0),
(68, 68, 2, 14, '2020-07-17 09:12:28', 0),
(69, 69, 2, 15, '2020-07-17 09:12:28', 0),
(70, 70, 2, 16, '2020-07-17 09:12:28', 0),
(71, 71, 2, 17, '2020-07-17 09:12:28', 0),
(72, 72, 2, 18, '2020-07-17 09:12:28', 0),
(73, 73, 2, 11, '2020-07-17 09:13:40', 0),
(74, 74, 2, 12, '2020-07-17 09:13:40', 0),
(75, 75, 2, 13, '2020-07-17 09:13:40', 0),
(76, 76, 2, 14, '2020-07-17 09:13:40', 0),
(77, 77, 2, 15, '2020-07-17 09:13:40', 0),
(78, 78, 2, 16, '2020-07-17 09:13:40', 0),
(79, 79, 2, 17, '2020-07-17 09:13:40', 0),
(80, 80, 2, 18, '2020-07-17 09:13:40', 0),
(81, 81, 2, 11, '2020-07-17 09:17:36', 0),
(82, 82, 2, 12, '2020-07-17 09:17:36', 0),
(83, 83, 2, 13, '2020-07-17 09:17:36', 0),
(84, 84, 2, 14, '2020-07-17 09:17:36', 0),
(85, 85, 2, 15, '2020-07-17 09:17:36', 0),
(86, 86, 2, 16, '2020-07-17 09:17:36', 0),
(87, 87, 2, 11, '2020-07-17 09:24:03', 0),
(88, 88, 2, 12, '2020-07-17 09:24:03', 0),
(89, 89, 2, 13, '2020-07-17 09:24:03', 0),
(90, 90, 2, 14, '2020-07-17 09:24:03', 0),
(91, 91, 2, 15, '2020-07-17 09:24:03', 0),
(92, 92, 2, 16, '2020-07-17 09:24:03', 0),
(93, 93, 2, 11, '2020-07-17 09:30:32', 0),
(94, 94, 2, 12, '2020-07-17 09:30:32', 0),
(95, 95, 2, 13, '2020-07-17 09:30:32', 0),
(96, 96, 2, 14, '2020-07-17 09:30:32', 0),
(97, 97, 2, 15, '2020-07-17 09:30:32', 0),
(98, 98, 2, 16, '2020-07-17 09:30:32', 0),
(99, 99, 2, 11, '2020-07-17 09:36:41', 0),
(100, 100, 2, 12, '2020-07-17 09:36:41', 0),
(101, 101, 2, 13, '2020-07-17 09:36:41', 0),
(102, 102, 2, 14, '2020-07-17 09:36:41', 0),
(103, 103, 2, 11, '2020-07-17 09:36:54', 0),
(104, 104, 2, 12, '2020-07-17 09:36:54', 0),
(105, 105, 2, 13, '2020-07-17 09:36:54', 0),
(106, 106, 2, 14, '2020-07-17 09:36:54', 0),
(107, 107, 2, 15, '2020-07-17 09:36:54', 0),
(108, 108, 2, 16, '2020-07-17 09:36:54', 0),
(109, 109, 2, 11, '2020-07-17 10:08:29', 0),
(110, 110, 2, 12, '2020-07-17 10:08:29', 0),
(111, 111, 2, 13, '2020-07-17 10:08:29', 0),
(112, 112, 2, 14, '2020-07-17 10:08:29', 0),
(113, 113, 2, 15, '2020-07-17 10:08:29', 0),
(114, 114, 2, 16, '2020-07-17 10:08:29', 0),
(115, 115, 2, 11, '2020-07-17 10:29:35', 0),
(116, 116, 2, 12, '2020-07-17 10:29:35', 0),
(117, 117, 2, 13, '2020-07-17 10:29:35', 0),
(118, 118, 2, 14, '2020-07-17 10:29:35', 0),
(119, 119, 2, 15, '2020-07-17 10:29:35', 0),
(120, 120, 2, 16, '2020-07-17 10:29:35', 0),
(121, 121, 2, 11, '2020-07-17 10:30:51', 0),
(122, 122, 2, 12, '2020-07-17 10:30:51', 0),
(123, 123, 2, 13, '2020-07-17 10:30:51', 0),
(124, 124, 2, 14, '2020-07-17 10:30:51', 0),
(125, 125, 2, 15, '2020-07-17 10:30:51', 0),
(126, 126, 2, 16, '2020-07-17 10:30:51', 0),
(127, 127, 2, 11, '2020-07-17 10:32:20', 0),
(128, 128, 2, 12, '2020-07-17 10:32:20', 0),
(129, 129, 2, 13, '2020-07-17 10:32:20', 0),
(130, 130, 2, 14, '2020-07-17 10:32:20', 0),
(131, 131, 2, 15, '2020-07-17 10:32:20', 0),
(132, 132, 2, 16, '2020-07-17 10:32:20', 0),
(133, 133, 2, 11, '2020-07-17 11:04:30', 0),
(134, 134, 2, 12, '2020-07-17 11:04:30', 0),
(135, 135, 2, 13, '2020-07-17 11:04:30', 0),
(136, 136, 2, 14, '2020-07-17 11:04:30', 0),
(137, 137, 2, 15, '2020-07-17 11:04:30', 0),
(138, 138, 2, 16, '2020-07-17 11:04:30', 0),
(139, 139, 2, 11, '2020-07-17 11:05:39', 0),
(140, 140, 2, 12, '2020-07-17 11:05:39', 0),
(141, 141, 2, 13, '2020-07-17 11:05:39', 0),
(142, 142, 2, 14, '2020-07-17 11:05:39', 0),
(143, 143, 2, 15, '2020-07-17 11:05:39', 0),
(144, 144, 2, 16, '2020-07-17 11:05:39', 0),
(145, 145, 2, 11, '2020-07-17 11:06:48', 0),
(146, 146, 2, 12, '2020-07-17 11:06:48', 0),
(147, 147, 2, 13, '2020-07-17 11:06:48', 0),
(148, 148, 2, 14, '2020-07-17 11:06:48', 0),
(149, 149, 2, 15, '2020-07-17 11:06:48', 0),
(150, 150, 2, 16, '2020-07-17 11:06:48', 0),
(151, 151, 2, 11, '2020-07-17 11:08:03', 0),
(152, 152, 2, 12, '2020-07-17 11:08:03', 0),
(153, 153, 2, 13, '2020-07-17 11:08:03', 0),
(154, 154, 2, 14, '2020-07-17 11:08:03', 0),
(155, 155, 2, 15, '2020-07-17 11:08:03', 0),
(156, 156, 2, 16, '2020-07-17 11:08:03', 0),
(157, 157, 2, 11, '2020-07-17 11:09:15', 0),
(158, 158, 2, 12, '2020-07-17 11:09:15', 0),
(159, 159, 2, 13, '2020-07-17 11:09:15', 0),
(160, 160, 2, 14, '2020-07-17 11:09:15', 0),
(161, 161, 2, 15, '2020-07-17 11:09:15', 0),
(162, 162, 2, 16, '2020-07-17 11:09:15', 0),
(163, 163, 2, 12, '2020-07-17 13:43:21', 0),
(164, 164, 2, 13, '2020-07-17 13:43:21', 0),
(165, 165, 2, 14, '2020-07-17 13:43:21', 0),
(166, 166, 2, 15, '2020-07-17 13:43:21', 0),
(167, 167, 2, 16, '2020-07-17 13:43:21', 0),
(168, 168, 2, 17, '2020-07-17 13:43:21', 0),
(169, 169, 2, 12, '2020-07-17 13:44:19', 0),
(170, 170, 2, 13, '2020-07-17 13:44:19', 0),
(171, 171, 2, 14, '2020-07-17 13:44:19', 0),
(172, 172, 2, 15, '2020-07-17 13:44:19', 0),
(173, 173, 2, 16, '2020-07-17 13:44:19', 0),
(174, 174, 2, 17, '2020-07-17 13:44:19', 0),
(175, 175, 2, 12, '2020-07-17 13:45:08', 0),
(176, 176, 2, 13, '2020-07-17 13:45:08', 0),
(177, 177, 2, 14, '2020-07-17 13:45:08', 0),
(178, 178, 2, 15, '2020-07-17 13:45:08', 0),
(179, 179, 2, 16, '2020-07-17 13:45:08', 0),
(180, 180, 2, 17, '2020-07-17 13:45:08', 0),
(181, 181, 2, 12, '2020-07-17 13:46:38', 0),
(182, 182, 2, 13, '2020-07-17 13:46:38', 0),
(183, 183, 2, 14, '2020-07-17 13:46:38', 0),
(184, 184, 2, 15, '2020-07-17 13:46:38', 0),
(185, 185, 2, 16, '2020-07-17 13:46:38', 0),
(186, 186, 2, 17, '2020-07-17 13:46:38', 0),
(187, 187, 2, 11, '2020-07-17 13:49:57', 0),
(188, 188, 2, 12, '2020-07-17 13:49:57', 0),
(189, 189, 2, 13, '2020-07-17 13:49:57', 0),
(190, 190, 2, 14, '2020-07-17 13:49:57', 0),
(191, 191, 2, 15, '2020-07-17 13:49:57', 0),
(192, 192, 2, 16, '2020-07-17 13:49:57', 0),
(193, 193, 2, 11, '2020-07-17 13:50:55', 0),
(194, 194, 2, 12, '2020-07-17 13:50:55', 0),
(195, 195, 2, 13, '2020-07-17 13:50:55', 0),
(196, 196, 2, 14, '2020-07-17 13:50:55', 0),
(197, 197, 2, 15, '2020-07-17 13:50:55', 0),
(198, 198, 2, 16, '2020-07-17 13:50:55', 0),
(199, 199, 2, 11, '2020-07-17 13:51:43', 0),
(200, 200, 2, 12, '2020-07-17 13:51:43', 0),
(201, 201, 2, 13, '2020-07-17 13:51:43', 0),
(202, 202, 2, 14, '2020-07-17 13:51:43', 0),
(203, 203, 2, 15, '2020-07-17 13:51:43', 0),
(204, 204, 2, 16, '2020-07-17 13:51:43', 0),
(205, 205, 2, 11, '2020-07-17 13:52:46', 0),
(206, 206, 2, 12, '2020-07-17 13:52:46', 0),
(207, 207, 2, 13, '2020-07-17 13:52:46', 0),
(208, 208, 2, 14, '2020-07-17 13:52:46', 0),
(209, 209, 2, 15, '2020-07-17 13:52:46', 0),
(210, 210, 2, 16, '2020-07-17 13:52:46', 0),
(211, 211, 2, 11, '2020-07-17 13:56:10', 0),
(212, 212, 2, 12, '2020-07-17 13:56:10', 0),
(213, 213, 2, 13, '2020-07-17 13:56:10', 0),
(214, 214, 2, 14, '2020-07-17 13:56:10', 0),
(215, 215, 2, 15, '2020-07-17 13:56:10', 0),
(216, 216, 2, 16, '2020-07-17 13:56:10', 0),
(217, 217, 2, 17, '2020-07-17 13:56:10', 0),
(218, 218, 2, 18, '2020-07-17 13:56:10', 0),
(219, 219, 2, 11, '2020-07-17 13:57:24', 0),
(220, 220, 2, 12, '2020-07-17 13:57:24', 0),
(221, 221, 2, 13, '2020-07-17 13:57:24', 0),
(222, 222, 2, 14, '2020-07-17 13:57:24', 0),
(223, 223, 2, 15, '2020-07-17 13:57:24', 0),
(224, 224, 2, 16, '2020-07-17 13:57:24', 0),
(225, 225, 2, 17, '2020-07-17 13:57:24', 0),
(226, 226, 2, 18, '2020-07-17 13:57:24', 0),
(227, 227, 2, 11, '2020-07-17 13:58:42', 0),
(228, 228, 2, 12, '2020-07-17 13:58:42', 0),
(229, 229, 2, 13, '2020-07-17 13:58:42', 0),
(230, 230, 2, 14, '2020-07-17 13:58:42', 0),
(231, 231, 2, 15, '2020-07-17 13:58:42', 0),
(232, 232, 2, 16, '2020-07-17 13:58:42', 0),
(233, 233, 2, 17, '2020-07-17 13:58:42', 0),
(234, 234, 2, 18, '2020-07-17 13:58:42', 0),
(235, 235, 2, 11, '2020-07-17 14:01:12', 0),
(236, 236, 2, 12, '2020-07-17 14:01:12', 0),
(237, 237, 2, 13, '2020-07-17 14:01:12', 0),
(238, 238, 2, 14, '2020-07-17 14:01:12', 0),
(239, 239, 2, 15, '2020-07-17 14:01:12', 0),
(240, 240, 2, 16, '2020-07-17 14:01:12', 0),
(241, 241, 2, 17, '2020-07-17 14:01:12', 0),
(242, 242, 2, 18, '2020-07-17 14:01:12', 0),
(243, 243, 2, 11, '2020-07-17 14:02:18', 0),
(244, 244, 2, 12, '2020-07-17 14:02:18', 0),
(245, 245, 2, 13, '2020-07-17 14:02:18', 0),
(246, 246, 2, 14, '2020-07-17 14:02:18', 0),
(247, 247, 2, 15, '2020-07-17 14:02:18', 0),
(248, 248, 2, 16, '2020-07-17 14:02:18', 0),
(249, 249, 2, 17, '2020-07-17 14:02:18', 0),
(250, 250, 2, 18, '2020-07-17 14:02:18', 0),
(251, 251, 2, 11, '2020-07-17 14:03:32', 0),
(252, 252, 2, 12, '2020-07-17 14:03:32', 0),
(253, 253, 2, 13, '2020-07-17 14:03:32', 0),
(254, 254, 2, 14, '2020-07-17 14:03:32', 0),
(255, 255, 2, 15, '2020-07-17 14:03:32', 0),
(256, 256, 2, 16, '2020-07-17 14:03:32', 0),
(257, 257, 2, 17, '2020-07-17 14:03:32', 0),
(258, 258, 2, 18, '2020-07-17 14:03:32', 0),
(259, 259, 2, 12, '2020-07-17 14:09:17', 0),
(260, 260, 2, 13, '2020-07-17 14:09:17', 0),
(261, 261, 2, 14, '2020-07-17 14:09:17', 0),
(262, 262, 2, 15, '2020-07-17 14:09:17', 0),
(263, 263, 2, 16, '2020-07-17 14:09:17', 0),
(264, 264, 2, 17, '2020-07-17 14:09:17', 0),
(265, 265, 2, 18, '2020-07-17 14:09:17', 0),
(266, 266, 2, 12, '2020-07-17 14:10:08', 0),
(267, 267, 2, 13, '2020-07-17 14:10:08', 0),
(268, 268, 2, 14, '2020-07-17 14:10:08', 0),
(269, 269, 2, 15, '2020-07-17 14:10:08', 0),
(270, 270, 2, 16, '2020-07-17 14:10:08', 0),
(271, 271, 2, 17, '2020-07-17 14:10:08', 0),
(272, 272, 2, 18, '2020-07-17 14:10:08', 0),
(273, 273, 2, 12, '2020-07-17 14:11:41', 0),
(274, 274, 2, 13, '2020-07-17 14:11:41', 0),
(275, 275, 2, 14, '2020-07-17 14:11:41', 0),
(276, 276, 2, 15, '2020-07-17 14:11:41', 0),
(277, 277, 2, 16, '2020-07-17 14:11:41', 0),
(278, 278, 2, 17, '2020-07-17 14:11:41', 0),
(279, 279, 2, 18, '2020-07-17 14:11:41', 0),
(280, 280, 2, 12, '2020-07-17 14:12:46', 0),
(281, 281, 2, 13, '2020-07-17 14:12:46', 0),
(282, 282, 2, 14, '2020-07-17 14:12:46', 0),
(283, 283, 2, 15, '2020-07-17 14:12:46', 0),
(284, 284, 2, 16, '2020-07-17 14:12:46', 0),
(285, 285, 2, 17, '2020-07-17 14:12:46', 0),
(286, 286, 2, 18, '2020-07-17 14:12:46', 0),
(287, 287, 2, 13, '2020-07-18 08:35:44', 0),
(288, 288, 2, 14, '2020-07-18 08:35:44', 0),
(289, 289, 2, 15, '2020-07-18 08:35:44', 0),
(290, 290, 2, 16, '2020-07-18 08:35:44', 0),
(291, 291, 2, 17, '2020-07-18 08:35:44', 0),
(292, 292, 2, 18, '2020-07-18 08:35:44', 0),
(293, 293, 2, 13, '2020-07-18 08:39:37', 0),
(294, 294, 2, 14, '2020-07-18 08:39:37', 0),
(295, 295, 2, 15, '2020-07-18 08:39:37', 0),
(296, 296, 2, 16, '2020-07-18 08:39:37', 0),
(297, 297, 2, 17, '2020-07-18 08:39:37', 0),
(298, 298, 2, 18, '2020-07-18 08:39:37', 0),
(299, 299, 2, 13, '2020-07-18 08:52:53', 0),
(300, 300, 2, 14, '2020-07-18 08:52:53', 0),
(301, 301, 2, 15, '2020-07-18 08:52:53', 0),
(302, 302, 2, 16, '2020-07-18 08:52:53', 0),
(303, 303, 2, 17, '2020-07-18 08:52:53', 0),
(304, 304, 2, 18, '2020-07-18 08:52:53', 0),
(305, 305, 2, 13, '2020-07-18 08:55:47', 0),
(306, 306, 2, 14, '2020-07-18 08:55:47', 0),
(307, 307, 2, 15, '2020-07-18 08:55:47', 0),
(308, 308, 2, 16, '2020-07-18 08:55:47', 0),
(309, 309, 2, 17, '2020-07-18 08:55:47', 0),
(310, 310, 2, 18, '2020-07-18 08:55:47', 0),
(311, 311, 1, 1, '2020-08-06 17:44:39', 0),
(312, 311, 2, 9, '2020-08-06 17:44:39', 0),
(313, 312, 1, 5, '2020-08-06 17:44:39', 0),
(314, 312, 2, 9, '2020-08-06 17:44:39', 0),
(315, 313, 1, 29, '2020-08-06 17:44:39', 0),
(316, 313, 2, 9, '2020-08-06 17:44:39', 0),
(317, 314, 1, 1, '2020-08-06 17:44:39', 0),
(318, 314, 2, 10, '2020-08-06 17:44:39', 0),
(319, 315, 1, 5, '2020-08-06 17:44:39', 0),
(320, 315, 2, 10, '2020-08-06 17:44:39', 0),
(321, 316, 1, 29, '2020-08-06 17:44:39', 0),
(322, 316, 2, 10, '2020-08-06 17:44:39', 0),
(323, 317, 1, 1, '2020-08-06 17:44:39', 0),
(324, 317, 2, 11, '2020-08-06 17:44:39', 0),
(325, 318, 1, 5, '2020-08-06 17:44:39', 0),
(326, 318, 2, 11, '2020-08-06 17:44:39', 0),
(327, 319, 1, 29, '2020-08-06 17:44:39', 0),
(328, 319, 2, 11, '2020-08-06 17:44:39', 0),
(329, 320, 2, 9, '2020-08-16 19:49:06', 0),
(330, 321, 2, 10, '2020-08-16 19:49:06', 0),
(331, 322, 2, 14, '2020-08-16 19:49:06', 0),
(332, 323, 2, 9, '2020-08-16 20:25:06', 0),
(333, 324, 2, 10, '2020-08-16 20:25:06', 0),
(334, 326, 2, 11, '2020-08-21 20:07:31', 0),
(335, 327, 2, 12, '2020-08-21 20:07:31', 0),
(336, 328, 2, 13, '2020-08-21 20:07:31', 0),
(337, 329, 2, 14, '2020-08-21 20:07:31', 0),
(338, 330, 2, 15, '2020-08-21 20:07:31', 0),
(339, 331, 2, 16, '2020-08-21 20:07:31', 0),
(340, 332, 2, 17, '2020-08-21 20:07:31', 0),
(341, 333, 2, 18, '2020-08-21 20:07:31', 0),
(342, 334, 2, 11, '2020-08-21 20:08:20', 0),
(343, 335, 2, 12, '2020-08-21 20:08:20', 0),
(344, 336, 2, 13, '2020-08-21 20:08:20', 0),
(345, 337, 2, 14, '2020-08-21 20:08:20', 0),
(346, 338, 2, 15, '2020-08-21 20:08:20', 0),
(347, 339, 2, 16, '2020-08-21 20:08:20', 0),
(348, 340, 2, 17, '2020-08-21 20:08:20', 0),
(349, 341, 2, 18, '2020-08-21 20:08:20', 0),
(350, 342, 2, 9, '2020-08-24 19:42:10', 0),
(351, 343, 2, 10, '2020-08-24 19:42:10', 0),
(352, 344, 2, 11, '2020-08-24 19:42:10', 0),
(353, 345, 2, 12, '2020-08-24 19:42:10', 0),
(354, 346, 2, 13, '2020-08-24 19:42:10', 0),
(355, 347, 2, 14, '2020-08-24 19:42:10', 0),
(356, 348, 2, 15, '2020-08-24 19:42:10', 0),
(357, 349, 2, 16, '2020-08-24 19:42:10', 0),
(358, 350, 6, 44, '2020-09-06 21:57:17', 0),
(359, 350, 7, 61, '2020-09-06 21:57:17', 0),
(360, 351, 6, 45, '2020-09-06 21:57:17', 0),
(361, 351, 7, 61, '2020-09-06 21:57:17', 0),
(362, 352, 6, 46, '2020-09-06 21:57:17', 0),
(363, 352, 7, 61, '2020-09-06 21:57:17', 0),
(364, 353, 6, 44, '2020-09-06 21:57:17', 0),
(365, 353, 7, 62, '2020-09-06 21:57:17', 0),
(366, 354, 6, 45, '2020-09-06 21:57:17', 0),
(367, 354, 7, 62, '2020-09-06 21:57:17', 0),
(368, 355, 6, 46, '2020-09-06 21:57:17', 0),
(369, 355, 7, 62, '2020-09-06 21:57:17', 0),
(370, 356, 1, 1, '2020-09-09 17:52:41', 0),
(371, 356, 2, 9, '2020-09-09 17:52:41', 0),
(372, 357, 1, 2, '2020-09-09 17:52:41', 0),
(373, 357, 2, 9, '2020-09-09 17:52:41', 0),
(374, 358, 1, 1, '2020-09-09 17:52:41', 0),
(375, 358, 2, 10, '2020-09-09 17:52:41', 0),
(376, 359, 1, 2, '2020-09-09 17:52:41', 0),
(377, 359, 2, 10, '2020-09-09 17:52:41', 0);

-- --------------------------------------------------------

--
-- Table structure for table `towns`
--

CREATE TABLE `towns` (
  `id` int(11) NOT NULL,
  `city_id` int(11) NOT NULL,
  `name` varchar(100) NOT NULL,
  `center` tinyint(1) NOT NULL DEFAULT 0
) ENGINE=InnoDB DEFAULT CHARSET=utf8mb4;

--
-- Dumping data for table `towns`
--

INSERT INTO `towns` (`id`, `city_id`, `name`, `center`) VALUES
(3, 8, 'الفلوجة', 0),
(11, 8, 'الكرمة', 0),
(12, 17, 'الحلة', 0),
(13, 17, 'المحاويل', 0),
(14, 17, 'الهاشمية', 0),
(15, 17, 'المسيب', 0),
(16, 17, 'الحمزة الغربي (المدحتية)', 0),
(17, 17, 'القاسم', 0),
(18, 17, 'كوثى  (ناحية المشروع)', 0),
(19, 1, 'الشعب شارع الصحة ', 0),
(20, 1, 'الأعظمية', 0),
(21, 1, 'الشعب', 0),
(24, 1, ' المدائن  ', 0),
(25, 1, ' الحسينية ', 0),
(26, 1, ' المعامل  ', 0),
(27, 1, 'حي الخظراء', 0),
(28, 1, ' الكاظمية  ', 0),
(29, 1, ' المحمودية  ', 0),
(31, 1, ' الطارمية    ', 0),
(34, 4, 'اربيل', 0),
(36, 14, 'تكريت', 1),
(37, 3, 'الموصل', 1),
(38, 4, 'عين كاوة', 1),
(39, 5, 'نجف', 1),
(40, 6, 'الناصرية', 1),
(41, 7, 'كركوك', 1),
(42, 9, 'ديالى', 1),
(43, 10, 'السماوة', 1),
(44, 11, 'الديوانية', 1),
(45, 12, 'العمارة', 1),
(46, 13, 'الكوت', 1),
(48, 15, 'دهوك', 1),
(49, 16, 'سليمانية', 1),
(50, 18, 'كربلاء', 1),
(52, 2, 'كرمة', 0),
(53, 2, 'الزبير', 0),
(54, 2, 'ابو الخصيب', 0),
(55, 2, 'سفوان', 0),
(56, 2, 'الطويسة', 0),
(57, 2, 'المدينة', 0),
(58, 2, 'القبلة', 0),
(59, 2, 'الكزيزة', 0),
(60, 2, 'القرنة', 0),
(61, 2, 'تنومة', 0),
(62, 2, 'الاصمعي', 0),
(63, 14, 'بلد', 0),
(64, 14, 'سامراء', 0),
(65, 14, 'سامراء', 0),
(66, 14, 'الضلوعيه', 0),
(67, 14, 'سامراء', 0),
(68, 14, 'سامراء', 0),
(69, 8, 'الانبار', 0),
(70, 8, 'الفلوجه', 0),
(71, 8, 'الفلوجه', 0),
(72, 14, 'صلاح الدين', 0),
(73, 14, 'مشاهده', 0),
(74, 14, 'مشاهده', 0),
(75, 2, 'الاحياء', 0),
(76, 2, 'دور النفط', 0),
(77, 2, 'حي الجمهورية ', 0),
(78, 2, 'التحسينية', 0),
(79, 2, 'خمسة ميل', 0),
(80, 2, 'البريهة', 0),
(81, 2, 'الحكيمية', 0),
(82, 2, 'الطويسة', 0),
(83, 2, 'الاصمعي', 0),
(84, 2, 'الطليعة', 0),
(85, 2, 'حي الخليج', 0),
(86, 2, 'الكفائات', 0),
(87, 2, 'العشار', 0),
(88, 1, 'الشعلة', 0),
(89, 1, 'الحرية', 0),
(90, 1, 'الكاظمية', 0),
(91, 1, 'التاجي', 0),
(94, 1, 'الغزالية', 0),
(95, 1, 'العامرية', 0),
(96, 1, 'مطار المثنى', 0),
(97, 1, 'ابو غريب', 0),
(98, 1, 'البكرية', 0),
(99, 1, 'حي الحسين', 0),
(100, 1, 'حي العامل', 0),
(101, 1, 'مجمع الاياد', 0),
(102, 1, 'حي الجهاد', 0),
(103, 1, 'البياع', 0),
(104, 1, 'شهداء البياع', 0),
(105, 1, 'شرطة الخامسة', 0),
(106, 1, 'شرطة الرابعة', 0),
(107, 1, 'الرسالة', 0),
(108, 1, 'السيدية', 0),
(109, 1, 'كفائات السيدية', 0),
(110, 1, 'الدورة', 0),
(111, 1, 'المهدية ', 0),
(112, 1, 'المهدية الثانية ', 0),
(113, 1, 'الدوره شارع الصحة', 0),
(114, 1, 'الدوره شارع ستين', 0),
(115, 1, 'الدوره ابو طيارة', 0),
(116, 1, 'الدوره طعمة', 0),
(117, 1, 'علوة الرشيد', 0),
(118, 1, 'محمودية ', 0),
(119, 1, 'يوسفية', 0),
(120, 1, 'عويريج', 0),
(121, 1, 'مصفى الدوره', 0),
(122, 1, 'اليرموك', 0),
(123, 1, 'القادسية', 0),
(124, 1, 'اربع شوارع', 0),
(125, 1, 'المنصور', 0),
(126, 1, 'الوشاش', 0),
(127, 1, 'علي الصالح', 0),
(128, 1, 'الاسكان', 0),
(129, 1, 'حي الجامعة', 0),
(130, 1, 'حي العدل', 0),
(131, 1, 'ساحة عدن', 0),
(132, 1, 'العطيفية', 0),
(133, 1, 'رحمانية الجعيفر ', 0),
(134, 1, 'الجعيفر', 0),
(135, 1, 'شيخ معروف', 0),
(136, 1, 'العلاوي', 0),
(137, 1, 'الصالحية', 0),
(138, 1, 'شقق الصالحية', 0),
(139, 1, 'كرادة مريم', 0),
(140, 1, 'الزوراء', 0),
(141, 1, 'مطار المثنى', 0),
(142, 1, 'مطار بغداد', 0),
(143, 1, 'مستشفى الهلال الاحمر', 0),
(144, 1, 'مدينة الطب', 0),
(145, 1, 'الحارثية', 0),
(146, 1, 'شارع الكندي', 0),
(147, 1, 'معرض بغداد', 0),
(148, 1, 'الرواد', 0),
(149, 1, 'الطوبجي', 0),
(150, 1, 'حي السلام', 0),
(151, 1, 'الاعظمية', 0),
(152, 1, 'مستشفى النعمان', 0),
(153, 1, 'شارع سهام', 0),
(154, 1, 'باب المعظم', 0),
(155, 1, 'شارع المغرب', 0),
(156, 1, 'الكسره', 0),
(157, 1, 'الشورجة', 0),
(158, 1, 'الرصافي', 0),
(159, 1, 'باب الشرجي', 0),
(160, 1, 'الكرادة', 0),
(161, 1, 'مجمع مشن', 0),
(162, 1, 'الجادرية', 0),
(163, 1, 'الزعفرانية ', 0),
(164, 1, 'جسر ديالة', 0),
(165, 1, 'نهروان', 0),
(166, 1, 'بسماية', 0),
(167, 1, 'الامين', 0),
(168, 1, 'الامين الثانية', 0),
(169, 1, 'بغداد الجديدة', 0),
(170, 1, 'المشتل', 0),
(171, 1, 'كم ساره', 0),
(172, 1, 'زيونة', 0),
(173, 1, 'شارع الربيعي', 0),
(174, 1, 'ساحة ميسلون', 0),
(175, 1, 'الغدير ', 0),
(176, 1, 'البلديات', 0),
(177, 1, 'العبيدي', 0),
(178, 1, 'شهداء العبيدي', 0),
(179, 1, 'الثعالبة', 0),
(180, 1, 'شارع فلسطين', 0),
(181, 1, 'النهضة', 0),
(182, 1, 'مدينة الصدر', 0),
(183, 1, 'الحبيبية', 0),
(184, 1, 'ام الكبر', 0),
(185, 1, 'الاورفلي', 0),
(186, 1, 'جميلة', 0),
(187, 1, 'حبيبية', 0),
(188, 1, 'طالبية', 0),
(189, 1, 'البنوك', 0),
(190, 1, 'حي البنوك', 0),
(191, 1, 'شعب', 0),
(192, 1, 'حي اور', 0),
(193, 1, 'الحسينية', 0),
(194, 1, 'الراشدية', 0),
(195, 1, 'السريدات', 0),
(196, 1, 'حي النصر', 0),
(197, 1, 'القاهره', 0),
(198, 1, 'حي البساتين', 0),
(199, 1, 'المستنصرية', 0),
(200, 1, 'الوزيرية', 0),
(201, 1, 'الكفاح', 0),
(202, 1, 'شارع حيفا', 0),
(203, 1, 'الفضل', 0),
(204, 1, 'الكريعات', 0),
(205, 1, 'حي تونس', 0),
(206, 1, 'القناة', 0),
(207, 1, 'جسر المثنى', 0),
(208, 1, 'الجزيره السياحية', 0),
(209, 1, 'المشاهدة', 0),
(210, 1, 'الطارمية', 0),
(211, 1, 'ام عظام', 0),
(212, 1, 'ام الجدايل', 0),
(213, 1, 'القرية الذهبية', 0),
(214, 1, 'صليخ', 0),
(215, 1, 'صيطره الشعب', 0),
(216, 1, 'شيخ عمر', 0),
(217, 1, 'شقق صدام', 0),
(218, 1, 'حي التراث', 0),
(219, 1, 'الشالجية', 0),
(220, 1, 'الرحمانيه', 0),
(221, 2, 'مركز', 0),
(222, 16, 'كلار', 0),
(223, 3, 'حي الزهور', 0),
(224, 3, 'تلعفر ', 0),
(225, 3, 'حي الوحدة', 0),
(226, 3, 'شارع كركوك', 0),
(227, 3, 'تكليف', 0),
(228, 3, 'مخمور', 0),
(229, 3, 'مخيم حسن', 0),
(230, 3, '17 تموز', 0),
(231, 3, 'حي المعارف', 0),
(232, 3, 'الكيارة', 0),
(233, 3, 'نبي شيت', 0),
(234, 3, 'الساحل الايسر', 0),
(235, 2, 'جمعيات', 0),
(236, 3, 'قرية اسكي', 0),
(237, 3, 'حي المنصور', 0),
(238, 3, 'حي الفلاح', 0),
(239, 3, 'حي النور ', 0),
(240, 3, 'حي البعث', 0),
(241, 3, 'حي الحدباء', 0),
(242, 3, 'ربيعة', 0),
(243, 2, 'الهارثه', 0),
(244, 3, 'حي سومر', 0),
(245, 9, 'المقدادية', 0),
(246, 2, 'الساعي', 0),
(247, 9, 'مستشفلى خانقين', 0),
(248, 9, 'مستشفلى بالدروز', 0),
(249, 9, 'مستشفلى بعقوبة', 0),
(250, 9, 'مستشفلى الخالص', 0),
(251, 9, 'مستشفلى حان بني سعد', 0),
(252, 9, 'مستشفلى خان بني سعد', 0),
(253, 9, 'بهرز', 0),
(254, 9, 'دلي عباس', 0),
(255, 9, 'شهربان', 0),
(256, 9, 'مندلي', 0),
(257, 9, 'بني سعد', 0),
(258, 9, 'تحرير', 0),
(259, 2, 'مستشفى الجمهوريه ', 0),
(260, 9, 'بعقوبة', 0),
(261, 2, 'جبيله', 0),
(262, 2, 'الجنينه', 0),
(263, 2, 'دور المطار', 0),
(264, 2, 'الجزائر', 0),
(265, 2, 'المعقل', 0),
(266, 2, 'الداخل', 0),
(267, 2, 'ام قصر', 0),
(268, 2, 'شقق الموقفيه', 0),
(269, 2, 'المشراق', 0),
(270, 18, 'ميثم التمار', 0),
(271, 1, 'الاعلام', 0),
(272, 8, 'الحبانيه', 0),
(273, 13, 'صويره', 0),
(274, 8, 'هيت', 0),
(275, 8, 'البغداديه الدولاب', 0),
(276, 13, 'النعمانيه', 0),
(277, 13, 'الحفريه', 0),
(278, 13, 'عزيزيه', 0),
(279, 5, 'كوفه', 0),
(280, 5, 'حي العسكري', 0),
(281, 5, 'قرب الغدير', 0),
(282, 5, 'حي الانصار', 0),
(283, 5, 'حي انيلاد', 0),
(284, 5, 'قرب شارع كربلاء', 0),
(285, 5, 'حي المهندسين', 0),
(286, 5, 'عباسيه', 0),
(287, 7, 'حي الواسطي', 0),
(288, 5, 'شارع المطار', 0),
(289, 5, 'حيدريه', 0),
(290, 5, 'منطقه الجديده', 0),
(291, 5, 'دورهنديه', 0),
(292, 5, 'حي السواق', 0),
(293, 5, 'ابو صخرين', 0),
(294, 5, 'حي سلام', 0),
(295, 1, 'سبع ابكار', 0),
(296, 1, 'اليوسفيه', 0),
(297, 1, 'سبع البور', 0),
(298, 1, 'الكماليه', 0),
(299, 1, 'مشفى الكرخ', 0),
(300, 1, 'الدهاليك ', 0),
(301, 1, 'كراده خارج', 0),
(302, 1, 'كراده داخل', 0),
(303, 1, 'الكرخ', 0),
(304, 1, 'مجمع الاطباء', 0),
(305, 1, 'بوب الشام', 0),
(306, 1, 'شارع النضال', 0),
(307, 1, 'القوس', 0),
(308, 1, 'سيطرة الرشيد', 0),
(309, 1, 'مستشفى الطفل', 0),
(310, 1, 'سلمان باك', 0),
(311, 1, 'حي الاطباء', 0),
(312, 1, 'الشرطه الرابعه', 0),
(313, 1, 'شارع المشجر', 0),
(314, 9, 'خانقين', 0),
(315, 17, 'شارع الدولي', 0),
(316, 17, 'بابل', 0),
(317, 17, 'الكفل', 0),
(318, 17, 'حي بكري', 0),
(319, 7, 'طوز خرماتو', 0),
(320, 2, 'خور الزبير', 0),
(321, 2, 'البراضعيه', 0),
(322, 2, 'شارع السايلو', 0),
(323, 2, 'دور الظباط', 0),
(324, 2, 'لحبانيه', 0),
(325, 2, 'حي الاصدقاء', 0),
(326, 2, 'الدير', 0),
(327, 2, 'التشوه', 0),
(328, 2, 'حي لحسين', 0),
(329, 2, 'مناوي', 0),
(330, 2, 'التنومه', 0),
(331, 8, 'امركز', 0),
(332, 8, 'حي الشرطه', 0),
(333, 6, 'الشطره', 0),
(334, 6, 'ثوره', 0),
(335, 6, 'الفهود', 0),
(336, 6, 'شارع ابراهيم الخليل', 0),
(337, 6, 'اريدو', 0),
(338, 6, 'الغراف', 0),
(339, 6, 'الاسكان الصناعي', 0),
(340, 6, 'سوق الشيوخ', 0),
(341, 6, 'قضاء الوفود', 0),
(342, 6, 'حي البقاع', 0),
(343, 6, 'شطره', 0),
(344, 6, 'الرفاعي', 0),
(345, 6, 'حمام العليل', 0),
(346, 6, 'الجبايش', 0),
(347, 6, 'الفجر', 0),
(348, 6, 'قلعه سكر', 0),
(349, 6, 'النصر', 0),
(350, 6, 'شارع النصر', 0),
(351, 17, 'ابو غرق', 0),
(352, 17, 'حي حسين', 0),
(353, 17, 'شارع الكرامه', 0),
(354, 17, 'حله', 0),
(355, 17, 'الاسكندريه', 1),
(356, 17, 'سيطرة الاثار', 0),
(357, 17, 'ام الهوى', 0),
(358, 17, 'جفل', 0),
(359, 17, 'النيل', 0),
(360, 17, 'الشوملي', 0),
(361, 17, 'المركز', 1),
(362, 17, 'حي نادر', 0),
(363, 17, 'سياحي', 0),
(364, 17, 'الخضر', 0),
(365, 17, 'طهمازيه', 0),
(366, 17, 'حي الجزائر', 0),
(367, 17, 'باب مشهد', 0),
(368, 17, 'حي الامام علي', 0),
(369, 17, 'جامعه بابل', 0),
(370, 17, 'حي الكرامه', 0),
(371, 9, 'الخالص', 0),
(372, 9, 'حي المعلمين', 0),
(373, 9, 'المقداديه', 0),
(374, 9, 'الفلاحه', 0),
(375, 9, 'بغقوبه', 0),
(376, 9, 'جلولاء', 0),
(377, 9, 'دوله عباس', 0),
(378, 9, 'هربانش', 0),
(379, 9, 'قريه نبه', 0),
(380, 9, 'بلدروز', 0),
(381, 9, 'سرجق', 0),
(382, 9, 'التحرير', 0),
(383, 9, 'المنصوريه', 0),
(384, 7, 'حي عدن', 0),
(385, 2, 'بصره', 0),
(386, 10, 'ميسان', 0),
(387, 10, 'عماره', 0),
(388, 10, 'حي الرحمه', 0),
(389, 10, 'حي جمعيات', 0),
(390, 10, 'كميت', 0),
(391, 10, 'العزيزيه', 0),
(392, 10, 'قلعه صالح', 0),
(393, 10, 'ابو رمانه', 0),
(394, 10, 'جسر بوعيه', 0),
(395, 10, 'رميثه', 0),
(396, 10, 'جامعه المثنى', 0),
(397, 10, 'المجر الكبير', 0),
(398, 10, 'الماجديه', 0),
(399, 10, 'ميمونه', 0),
(400, 10, 'مشفى شهيد الصدر', 0),
(401, 10, 'المدى', 0),
(402, 12, 'حي الجمعيات', 0),
(403, 12, 'اعماره', 0),
(404, 12, 'االرحمه', 0),
(405, 12, 'قلعة صالح', 0),
(406, 12, 'كحلاء', 0),
(407, 12, 'حي لمعلمين', 0),
(408, 12, 'ابو ارمانه', 0),
(409, 12, 'المجر لكبير', 0),
(410, 12, 'ماجديه', 0),
(411, 18, 'حي الايمان', 0),
(412, 18, 'شارع ميثم', 0),
(413, 18, 'حي لسلام', 0),
(414, 18, 'حي الظباط', 0),
(415, 18, 'كنطرة السلام', 0),
(416, 18, 'حي الغدير', 0),
(417, 18, 'حي التعاون', 0),
(418, 18, 'حي الرساله', 0),
(419, 18, 'طريق بغداد', 0),
(420, 18, 'شارع الادريس', 0),
(421, 18, 'عين تمر', 0),
(422, 18, 'ناحيه الحر', 0),
(423, 18, 'مشتفى الحسين', 0),
(424, 18, 'حي االسلام', 0),
(425, 11, 'دور سيد محمد', 0),
(426, 11, 'ام النخيل', 0),
(427, 11, 'االاسكان', 0),
(428, 11, 'حي الزعيم', 0),
(429, 11, 'الحمزه الشرقي', 0),
(430, 11, 'مشقى الحسين', 0),
(431, 11, 'خماس', 0),
(432, 11, 'عفك', 0),
(433, 11, 'الحمزه', 0),
(434, 11, 'شاميه', 0),
(435, 11, 'دغاره', 0),
(436, 11, 'البدير', 0),
(437, 11, 'قضاء الشافعيه', 0),
(438, 11, 'ناحيه نفر ', 0),
(439, 11, 'سيطره النسيج', 0),
(440, 3, 'حي البكر', 0),
(441, 3, 'حمدانيه', 0),
(442, 3, 'حي 17 تموز', 0),
(443, 3, 'حي الانصاري', 0),
(444, 3, 'جانب الايمن', 0),
(445, 3, 'جامب الايسر', 0),
(446, 3, 'جانب الايسر', 0),
(447, 3, 'برطله', 0),
(448, 3, 'موصل', 0),
(449, 3, 'حي االكرامه', 0),
(450, 4, 'عين كاوه', 0),
(451, 4, 'مطار اربيل', 0),
(452, 4, 'كزمزال ميدان الرمي', 0),
(453, 4, 'شقق تيو اسكان', 0),
(454, 7, 'تبه', 0),
(455, 7, 'عرقه', 0),
(456, 7, 'حي الايسر', 0),
(457, 7, 'ساحه الامتنالات', 0),
(458, 7, 'مركز العروبه', 0),
(459, 7, 'حويجه', 0),
(460, 7, 'حي الاسره', 0),
(461, 7, 'كيوان', 0),
(462, 7, 'اتبه', 0),
(463, 12, 'دور االنفط', 0),
(464, 12, 'قضاء الكحلاء', 0),
(465, 12, 'حي االجهاد', 0),
(466, 12, 'عواشه', 0),
(467, 5, 'المناذره', 0),
(468, 5, 'حي القدس', 0),
(469, 5, 'قريه الغدير', 0),
(470, 5, 'اكوفه', 0),
(471, 5, 'حي الانصر', 0),
(472, 5, 'حي الانصا', 0),
(473, 5, 'الفحل', 0),
(474, 5, 'حي الغربي', 0),
(475, 13, 'الصويره', 0),
(476, 13, 'انوار الصدر', 0),
(477, 13, 'دجيلي', 0),
(478, 13, 'شارع الزهراء', 0),
(479, 13, 'قضاء الحي', 0),
(480, 13, 'حي الزهراء', 0),
(481, 13, 'ناحيه جصان', 0),
(482, 13, 'الحي', 0),
(483, 13, 'الكفاءات', 0),
(484, 10, 'حي الصدر', 0),
(485, 10, 'السوير', 0),
(486, 10, 'الغربي الثاني ', 0),
(487, 10, 'اقضاء الخضر', 0),
(488, 10, 'قشله', 0),
(489, 10, 'الرميثه', 0),
(490, 10, 'ام العصافير', 0),
(491, 14, 'ناحيه العلم', 0),
(492, 14, 'الدجيل', 0),
(493, 14, 'ناحية زور الجيش', 0),
(494, 7, 'طريق لبغداد', 0),
(495, 2, 'المعارض', 0),
(496, 2, 'شط العرب', 0),
(497, 2, 'الامن الداخلي', 0),
(498, 2, 'حي مهندسين', 0),
(499, 3, 'حي زهراء', 0),
(500, 3, 'حي المدائن', 0),
(501, 10, 'حي لعسكري', 0),
(502, 1, 'ابو تشير', 0),
(503, 1, 'ابو دشير', 0),
(504, 1, 'حي البتول', 0),
(505, 1, 'الصابئات', 0),
(506, 1, 'الرشيد', 0),
(507, 1, 'السعدون', 0),
(508, 12, 'العدير', 0),
(509, 12, 'لغدير', 0),
(510, 6, 'حي ااور', 0);

-- --------------------------------------------------------

--
-- Table structure for table `tracking`
--

CREATE TABLE `tracking` (
  `id` int(11) NOT NULL,
  `order_id` int(11) NOT NULL,
  `current_location` varchar(200) DEFAULT NULL,
  `new_address` varchar(250) DEFAULT NULL,
  `date` datetime NOT NULL DEFAULT current_timestamp(),
  `order_status_id` int(11) NOT NULL,
  `note` varchar(250) DEFAULT NULL,
  `items_no` int(11) NOT NULL DEFAULT 1,
  `staff_id` int(11) DEFAULT 0
) ENGINE=InnoDB DEFAULT CHARSET=utf8mb4;

--
-- Dumping data for table `tracking`
--

INSERT INTO `tracking` (`id`, `order_id`, `current_location`, `new_address`, `date`, `order_status_id`, `note`, `items_no`, `staff_id`) VALUES
(3, 22, NULL, NULL, '2020-09-18 18:42:26', 4, NULL, 1, 1);

--
-- Indexes for dumped tables
--

--
-- Indexes for table `attribute`
--
ALTER TABLE `attribute`
  ADD PRIMARY KEY (`id`);

--
-- Indexes for table `attribute_config`
--
ALTER TABLE `attribute_config`
  ADD PRIMARY KEY (`id`);

--
-- Indexes for table `basket`
--
ALTER TABLE `basket`
  ADD PRIMARY KEY (`id`);

--
-- Indexes for table `basket_items`
--
ALTER TABLE `basket_items`
  ADD PRIMARY KEY (`id`);

--
-- Indexes for table `category`
--
ALTER TABLE `category`
  ADD PRIMARY KEY (`id`);

--
-- Indexes for table `cites`
--
ALTER TABLE `cites`
  ADD PRIMARY KEY (`id`);

--
-- Indexes for table `clients`
--
ALTER TABLE `clients`
  ADD PRIMARY KEY (`id`);

--
-- Indexes for table `client_dev_price`
--
ALTER TABLE `client_dev_price`
  ADD PRIMARY KEY (`id`);

--
-- Indexes for table `companies`
--
ALTER TABLE `companies`
  ADD PRIMARY KEY (`id`);

--
-- Indexes for table `configurable_product`
--
ALTER TABLE `configurable_product`
  ADD PRIMARY KEY (`id`);

--
-- Indexes for table `head_company`
--
ALTER TABLE `head_company`
  ADD PRIMARY KEY (`id`);

--
-- Indexes for table `images`
--
ALTER TABLE `images`
  ADD PRIMARY KEY (`id`);

--
-- Indexes for table `invoice`
--
ALTER TABLE `invoice`
  ADD PRIMARY KEY (`id`);

--
-- Indexes for table `list`
--
ALTER TABLE `list`
  ADD PRIMARY KEY (`id`);

--
-- Indexes for table `list_items`
--
ALTER TABLE `list_items`
  ADD PRIMARY KEY (`id`);

--
-- Indexes for table `mandop_invoice`
--
ALTER TABLE `mandop_invoice`
  ADD PRIMARY KEY (`id`);

--
-- Indexes for table `mandop_stores`
--
ALTER TABLE `mandop_stores`
  ADD PRIMARY KEY (`id`);

--
-- Indexes for table `orders`
--
ALTER TABLE `orders`
  ADD PRIMARY KEY (`id`);

--
-- Indexes for table `order_items`
--
ALTER TABLE `order_items`
  ADD PRIMARY KEY (`id`);

--
-- Indexes for table `order_status`
--
ALTER TABLE `order_status`
  ADD PRIMARY KEY (`id`);

--
-- Indexes for table `product`
--
ALTER TABLE `product`
  ADD PRIMARY KEY (`id`);
ALTER TABLE `product` ADD FULLTEXT KEY `search` (`name`,`simple_des`);
ALTER TABLE `product` ADD FULLTEXT KEY `search2` (`name`);

--
-- Indexes for table `receipts`
--
ALTER TABLE `receipts`
  ADD PRIMARY KEY (`id`);

--
-- Indexes for table `role`
--
ALTER TABLE `role`
  ADD PRIMARY KEY (`id`);

--
-- Indexes for table `staff`
--
ALTER TABLE `staff`
  ADD PRIMARY KEY (`id`);

--
-- Indexes for table `stores`
--
ALTER TABLE `stores`
  ADD PRIMARY KEY (`id`);

--
-- Indexes for table `sub_option`
--
ALTER TABLE `sub_option`
  ADD PRIMARY KEY (`id`);

--
-- Indexes for table `towns`
--
ALTER TABLE `towns`
  ADD PRIMARY KEY (`id`);

--
-- Indexes for table `tracking`
--
ALTER TABLE `tracking`
  ADD PRIMARY KEY (`id`);
ALTER TABLE `tracking` ADD FULLTEXT KEY `note` (`note`);

--
-- AUTO_INCREMENT for dumped tables
--

--
-- AUTO_INCREMENT for table `attribute`
--
ALTER TABLE `attribute`
  MODIFY `id` int(11) NOT NULL AUTO_INCREMENT, AUTO_INCREMENT=8;

--
-- AUTO_INCREMENT for table `attribute_config`
--
ALTER TABLE `attribute_config`
  MODIFY `id` int(11) NOT NULL AUTO_INCREMENT, AUTO_INCREMENT=66;

--
-- AUTO_INCREMENT for table `basket`
--
ALTER TABLE `basket`
  MODIFY `id` int(11) NOT NULL AUTO_INCREMENT, AUTO_INCREMENT=31;

--
-- AUTO_INCREMENT for table `basket_items`
--
ALTER TABLE `basket_items`
  MODIFY `id` int(11) NOT NULL AUTO_INCREMENT, AUTO_INCREMENT=73;

--
-- AUTO_INCREMENT for table `category`
--
ALTER TABLE `category`
  MODIFY `id` int(11) NOT NULL AUTO_INCREMENT, AUTO_INCREMENT=17;

--
-- AUTO_INCREMENT for table `clients`
--
ALTER TABLE `clients`
  MODIFY `id` int(11) NOT NULL AUTO_INCREMENT, AUTO_INCREMENT=4;

--
-- AUTO_INCREMENT for table `client_dev_price`
--
ALTER TABLE `client_dev_price`
  MODIFY `id` int(11) NOT NULL AUTO_INCREMENT;

--
-- AUTO_INCREMENT for table `companies`
--
ALTER TABLE `companies`
  MODIFY `id` int(11) NOT NULL AUTO_INCREMENT, AUTO_INCREMENT=4;

--
-- AUTO_INCREMENT for table `configurable_product`
--
ALTER TABLE `configurable_product`
  MODIFY `id` int(11) NOT NULL AUTO_INCREMENT, AUTO_INCREMENT=361;

--
-- AUTO_INCREMENT for table `head_company`
--
ALTER TABLE `head_company`
  MODIFY `id` int(11) NOT NULL AUTO_INCREMENT, AUTO_INCREMENT=4;

--
-- AUTO_INCREMENT for table `images`
--
ALTER TABLE `images`
  MODIFY `id` int(11) NOT NULL AUTO_INCREMENT, AUTO_INCREMENT=80;

--
-- AUTO_INCREMENT for table `invoice`
--
ALTER TABLE `invoice`
  MODIFY `id` int(11) NOT NULL AUTO_INCREMENT, AUTO_INCREMENT=207;

--
-- AUTO_INCREMENT for table `list`
--
ALTER TABLE `list`
  MODIFY `id` int(11) NOT NULL AUTO_INCREMENT, AUTO_INCREMENT=10;

--
-- AUTO_INCREMENT for table `list_items`
--
ALTER TABLE `list_items`
  MODIFY `id` int(11) NOT NULL AUTO_INCREMENT, AUTO_INCREMENT=3;

--
-- AUTO_INCREMENT for table `mandop_invoice`
--
ALTER TABLE `mandop_invoice`
  MODIFY `id` int(11) NOT NULL AUTO_INCREMENT, AUTO_INCREMENT=155;

--
-- AUTO_INCREMENT for table `mandop_stores`
--
ALTER TABLE `mandop_stores`
  MODIFY `id` int(11) NOT NULL AUTO_INCREMENT;

--
-- AUTO_INCREMENT for table `orders`
--
ALTER TABLE `orders`
  MODIFY `id` int(11) NOT NULL AUTO_INCREMENT, AUTO_INCREMENT=26;

--
-- AUTO_INCREMENT for table `order_items`
--
ALTER TABLE `order_items`
  MODIFY `id` int(11) NOT NULL AUTO_INCREMENT, AUTO_INCREMENT=24;

--
-- AUTO_INCREMENT for table `order_status`
--
ALTER TABLE `order_status`
  MODIFY `id` int(11) NOT NULL AUTO_INCREMENT, AUTO_INCREMENT=15;

--
-- AUTO_INCREMENT for table `product`
--
ALTER TABLE `product`
  MODIFY `id` int(11) NOT NULL AUTO_INCREMENT, AUTO_INCREMENT=57;

--
-- AUTO_INCREMENT for table `receipts`
--
ALTER TABLE `receipts`
  MODIFY `id` int(11) NOT NULL AUTO_INCREMENT, AUTO_INCREMENT=4;

--
-- AUTO_INCREMENT for table `role`
--
ALTER TABLE `role`
  MODIFY `id` int(11) NOT NULL AUTO_INCREMENT, AUTO_INCREMENT=7;

--
-- AUTO_INCREMENT for table `staff`
--
ALTER TABLE `staff`
  MODIFY `id` int(11) NOT NULL AUTO_INCREMENT, AUTO_INCREMENT=39;

--
-- AUTO_INCREMENT for table `stores`
--
ALTER TABLE `stores`
  MODIFY `id` int(11) NOT NULL AUTO_INCREMENT, AUTO_INCREMENT=5;

--
-- AUTO_INCREMENT for table `sub_option`
--
ALTER TABLE `sub_option`
  MODIFY `id` int(11) NOT NULL AUTO_INCREMENT, AUTO_INCREMENT=378;

--
-- AUTO_INCREMENT for table `towns`
--
ALTER TABLE `towns`
  MODIFY `id` int(11) NOT NULL AUTO_INCREMENT, AUTO_INCREMENT=511;

--
-- AUTO_INCREMENT for table `tracking`
--
ALTER TABLE `tracking`
  MODIFY `id` int(11) NOT NULL AUTO_INCREMENT, AUTO_INCREMENT=4;
COMMIT;

/*!40101 SET CHARACTER_SET_CLIENT=@OLD_CHARACTER_SET_CLIENT */;
/*!40101 SET CHARACTER_SET_RESULTS=@OLD_CHARACTER_SET_RESULTS */;
/*!40101 SET COLLATION_CONNECTION=@OLD_COLLATION_CONNECTION */;
